Company,Time,Financial Distress,x1
1,1,0.010636,1.281
1,2,-0.45597,1.27
1,3,-0.32539,1.0529
1,4,-0.56657,1.1131
2,1,1.3573,1.0623
2,2,0.0071875,1.0558
2,3,1.2002,0.97059
2,4,2.2348,1.059
2,5,1.3405,1.1245
2,6,2.0474,1.5998
2,7,2.3459,1.5756
2,8,2.2499,1.5443
2,9,2.2826,1.7217
2,10,1.7982,1.7232
2,11,2.8277,1.6307
2,12,2.9413,2.1723
2,13,2.6598,2.0924
2,14,2.232,2.2263
3,1,-1.6599,0.8744
4,1,0.02275,0.83537
4,2,0.003775,0.93286
4,3,0.00018333,0.93575
4,4,0.22253,0.92927
4,5,0.44662,1.086
4,6,1.2394,1.19
4,7,1.7741,1.8267
4,8,0.72655,1.7263
4,9,0.8559,1.5447
4,10,1.4163,2.1297
4,11,1.8118,1.5107
4,12,0.86188,1.9022
4,13,1.0964,2.0867
4,14,1.277,3.1096
5,1,0.07455,1.2101
5,2,0.0038233,1.1486
5,3,0.19598,1.1069
5,4,0.95538,1.0243
5,5,1.6764,1.1074
5,6,2.5348,1.0481
5,7,4.7068,1.0657
5,8,6.4706,1.2029
5,9,5.205,1.1537
5,10,0.59028,1.2163
5,11,0.84951,1.0337
5,12,1.1379,1.103
5,13,1.5366,1.1522
5,14,1.6378,1.2121
6,1,0.55179,0.75482
6,2,0.90317,0.70755
6,3,0.95766,0.73538
6,4,0.30548,0.58868
6,5,0.52779,0.69931
6,6,-0.19589,0.68136
6,7,0.18757,0.60064
6,8,0.62713,0.67274
6,9,0.35803,0.72911
6,10,-0.30963,0.75708
6,11,-0.43217,0.77645
6,12,0.16032,0.84698
6,13,0.11538,0.90882
6,14,0.24963,1.0103
7,1,0.89043,1.0301
7,2,0.15661,1.1109
7,3,0.25277,1.0193
7,4,0.86431,0.99425
7,5,0.90904,0.96542
7,6,0.52871,0.97977
7,7,0.19253,0.96214
7,8,-0.43095,1.0577
7,9,0.2864,0.74591
7,10,-0.44409,0.81745
7,11,-1.2654,0.94406
8,1,0.3983,1.1663
8,2,0.7289,1.2068
8,3,1.5478,1.0773
8,4,3.0613,1.2414
8,5,3.7684,1.452
8,6,0.80947,1.345
8,7,0.83493,1.4406
8,8,0.64581,1.3814
8,9,0.45568,1.3033
8,10,0.30504,1.2959
8,11,1.4772,1.2233
8,12,1.1814,1.6521
8,13,0.83918,1.65
8,14,0.57721,1.4771
9,1,0.043433,1.3007
9,2,0.08875,1.1275
9,3,0.083333,0.92169
9,4,0.25078,0.937
9,5,0.022139,0.99914
9,6,-0.38026,0.986
9,7,0.076062,0.75964
9,8,0.2462,1.083
9,9,0.065554,1.265
9,10,0.30025,1.1522
9,11,2.0248,1.6944
9,12,0.7832,3.6874
9,13,0.55925,1.1459
9,14,0.28419,1.4892
10,1,0.00096429,1.4809
10,2,5.95E-05,1.3854
10,3,7.03E-05,1.267
10,4,0.000205,1.2675
10,5,0.00017083,1.3881
10,6,0.00025,1.4323
10,7,0.00010833,1.3399
10,8,0.4468,1.3167
10,9,0.45461,1.3457
10,10,0.45194,1.3107
10,11,1.0173,1.3833
10,12,1.1553,1.5795
10,13,0.31012,1.5012
10,14,0.21687,1.3833
11,1,0.45363,0.6888
11,2,0.6318,0.6908
11,3,-0.31275,0.74702
11,4,-0.31752,0.50287
11,5,-0.11315,0.52596
11,6,0.1852,0.41398
11,7,0.015037,0.6304
11,8,-0.31003,0.57318
11,9,-0.80159,0.5494
12,1,-0.66786,1.1953
13,1,-0.081598,2.0761
13,2,-0.89383,1.7828
14,1,0.428,1.049
14,2,0.39178,1.1301
14,3,0.94842,1.2284
14,4,3.0453,1.2547
14,5,2.6529,1.5052
14,6,2.1266,1.371
14,7,1.1394,1.4417
14,8,-0.66968,1.2327
15,1,-0.12797,2.4466
15,2,0.28768,1.2293
15,3,-0.15722,1.9348
15,4,1.1668,1.1784
15,5,2.5593,0.69336
15,6,-2.7031,0.98949
16,1,0.1059,1.8087
16,2,0.48028,1.0385
16,3,0.088538,0.70624
16,4,0.032712,0.62093
16,5,-3.6574,0.64375
17,1,1.3699,1.5896
17,2,0.87835,1.5389
17,3,1.0735,1.5327
17,4,1.2237,1.416
17,5,0.64233,1.4175
17,6,0.58162,1.3188
17,7,-0.44527,1.2287
17,8,-0.49922,1.0208
17,9,-1.9971,1.1692
18,1,0,0.79935
18,2,0.15233,0.82753
18,3,0.080083,0.91084
18,4,0.20992,0.83131
18,5,-0.36717,0.87802
18,6,-1.3992,0.88193
19,1,0,0.84654
19,2,-0.1888,0.86145
19,3,-1.7971,0.87458
20,1,0,0.76133
20,2,0,0.74928
20,3,0.56709,0.84641
20,4,2.1102,0.7081
20,5,2.6515,0.86015
20,6,4.7584,0.77703
20,7,2.3687,0.88582
20,8,2.026,0.86629
20,9,0.81071,0.76274
20,10,0.49167,0.63087
20,11,1.2893,0.64095
20,12,0.58565,0.69497
20,13,0.069254,0.59736
20,14,0.14923,0.58538
21,1,0.1018,0.71166
21,2,0.26108,0.77644
21,3,0.14711,0.77126
21,4,0.35312,0.8225
21,5,0.64332,0.98529
21,6,0.98969,1.0128
21,7,0.61021,1.1318
21,8,0.7064,1.2615
21,9,0.87841,1.1854
21,10,1.4077,1.2359
21,11,0.69728,1.1728
21,12,0.65477,0.95978
21,13,0.49395,1.2068
21,14,0.58086,1.0673
22,1,0.282,1.1363
22,2,0.0243,1.0247
22,3,0.0007,0.98818
22,4,-0.3731,0.97701
22,5,0.0953,0.90124
22,6,0.4443,0.82686
22,7,0.5812,0.74374
22,8,0.37405,0.82267
22,9,-0.38907,0.8825
22,10,-0.17518,0.83946
22,11,0.0186,1.0016
22,12,0.29728,1.0126
22,13,0.23829,1.7788
22,14,0.32375,1.8208
23,1,0.32819,1.2357
23,2,0.38229,1.2443
23,3,0.40095,1.2319
23,4,0.46943,1.167
23,5,0.40133,1.1675
23,6,0.73743,1.1967
23,7,1.2493,1.3494
23,8,0.25833,1.2231
23,9,0.97935,1.0965
23,10,2.5917,1.0661
23,11,3.2155,0.95969
23,12,1.7159,0.89618
23,13,-0.48203,0.78705
23,14,-3.9594,0.85349
24,1,0.57379,1.702
24,2,0.42949,1.3661
24,3,0.55856,1.3989
24,4,0.74133,1.2305
24,5,1.3431,1.1678
24,6,1.2089,1.2502
24,7,1.3733,1.2378
24,8,1.5064,1.2893
24,9,0.8989,1.3093
24,10,1.2932,1.303
24,11,2.2312,1.3153
24,12,3.0217,1.4301
24,13,3.484,1.3334
24,14,4.0077,1.4439
25,1,0.21217,1.4939
25,2,0.29083,1.2082
25,3,0.68534,1.1652
25,4,0.85049,1.1754
25,5,2.5954,1.2065
25,6,2.7278,1.6303
25,7,2.8675,1.8447
25,8,3.4066,1.5948
25,9,3.6257,1.8279
25,10,4.259,1.6851
25,11,7.8073,1.6779
25,12,9.7334,1.5853
25,13,11.592,1.2757
25,14,4.3889,1.383
26,1,0.67198,1.4911
26,2,0.23112,1.5736
26,3,0.39669,1.4984
26,4,0.61106,1.5131
26,5,0.85817,1.5091
26,6,1.0224,1.4167
26,7,0.62186,1.7877
26,8,1.2229,1.5578
26,9,1.071,1.8075
26,10,0.92687,2.0325
26,11,1.2716,2.1132
26,12,1.5001,2.5999
26,13,2.2372,2.8548
26,14,2.6233,3.648
27,1,-0.11207,1.0997
27,2,-0.7038,1.1048
28,1,1.6375,0.93872
28,2,0.95763,1.007
28,3,0.50753,1.286
28,4,1.597,1.6903
28,5,1.5351,3.526
28,6,1.2807,2.1463
28,7,1.6921,1.309
28,8,1.3779,1.4306
28,9,4.9842,1.2018
28,10,8.6484,1.3615
28,11,2.8408,1.3483
28,12,3.3164,1.0629
28,13,1.443,1.1032
28,14,-0.68154,1.0252
29,1,1.3284,0.75614
29,2,0.76493,0.95327
29,3,0.89555,1.2194
29,4,1.1867,1.8674
29,5,1.1797,1.5285
29,6,1.1369,0.98111
29,7,0.51029,0.6118
29,8,1.5548,0.71491
29,9,1.3534,0.74224
29,10,2.2448,0.85109
29,11,3.0939,1.0324
29,12,2.7549,1.0849
29,13,-0.49295,0.99681
29,14,-1.1315,0.43265
30,1,0.002933,0.87972
30,2,0.72763,1.1336
30,3,1.2277,1.3783
30,4,3.4677,1.5809
30,5,3.5731,5.6214
30,6,3.7202,3.1598
30,7,4.6251,2.7205
30,8,2.8793,4.4404
30,9,6.2176,2.1042
30,10,7.835,4.0877
30,11,8.7587,2.9674
30,12,7.7496,2.6592
30,13,2.5996,2.3662
30,14,2.7537,1.6153
31,1,0.34764,0.70663
31,2,0.88395,0.55724
31,3,1.7521,0.85429
31,4,2.9552,1.1787
31,5,1.7298,1.5047
31,6,1.4905,0.93284
31,7,1.6675,0.71162
31,8,1.3957,0.80435
31,9,1.9372,0.72225
31,10,4.2213,0.81527
31,11,6.6044,1.1967
31,12,4.6238,1.5302
31,13,1.8256,1.2774
31,14,0.94039,1.6619
32,1,0.8663,0.97534
32,2,0.9609,1.0164
32,3,0.9796,0.97912
32,4,1.08,0.9753
32,5,0.74258,1.1915
32,6,-0.2849,1.2206
32,7,-0.3149,0.94798
32,8,-0.30228,0.96777
32,9,-0.22134,1.146
32,10,2.4538,1.038
32,11,7.0531,1.4104
32,12,1.1866,2.0463
32,13,-2.4586,1.2172
33,1,0.068,1.4438
33,2,0.068,1.5411
33,3,0.070143,1.2741
33,4,0.077357,1.2337
33,5,0.010774,1.3288
33,6,0.0083929,1.2665
33,7,-0.13726,1.2202
33,8,-0.14905,1.1835
33,9,1.1462,1.1423
33,10,0.73196,3.507
33,11,0.77488,1.797
33,12,0.018741,2.2937
33,13,0.029524,1.5587
33,14,-0.1568,1.3925
34,1,0.019965,0.99126
34,2,0.01958,0.51857
34,3,0.013157,0.51962
34,4,0.20767,0.67697
34,5,0.29809,1.0367
34,6,0.20898,1.5034
34,7,0.23318,1.4539
34,8,0.27581,0.89499
34,9,0.36421,1.257
34,10,0.79194,1.3161
34,11,1.274,1.251
34,12,1.3832,1.8993
34,13,1.3155,1.9159
34,14,0.70725,1.6375
35,1,0.17588,0.55094
35,2,0.11954,0.43567
35,3,0.16661,0.41864
35,4,0.34467,0.4965
35,5,0.19503,0.49696
35,6,-0.34793,0.78466
35,7,-0.47967,0.74759
35,8,0.040729,0.61059
35,9,-2.7185,1.0025
36,1,0.026703,0.99278
36,2,0.020268,1.1447
36,3,-0.046938,1.0655
36,4,-0.29,1.0725
36,5,-0.4477,0.98674
36,6,-0.33362,1.1572
36,7,-0.3383,1.0595
36,8,-0.3892,1.0551
36,9,-0.70187,1.3824
37,1,-0.071,1.6253
37,2,-0.073889,1.3654
37,3,-0.42756,1.3464
37,4,-0.34489,1.129
37,5,-0.12327,1.0039
37,6,0.066733,1.534
37,7,-0.013933,1.59
37,8,-0.1518,1.5293
37,9,-0.337,1.4422
37,10,-1.6116,2.5101
38,1,1.1123,2.3683
38,2,0.31219,3.0698
38,3,2.2606,1.1346
38,4,1.2877,1.5398
38,5,0.54768,2.1672
38,6,0.55292,2.0536
38,7,0.37975,1.8006
38,8,0.4334,1.656
38,9,0.4846,1.5543
38,10,0.5361,1.5125
38,11,0.58984,1.4793
38,12,0.78238,1.5531
38,13,0.049302,1.6868
38,14,0.079981,1.2644
39,1,1.422,1.0286
39,2,0.81266,1.1438
39,3,0.2208,1.157
39,4,1.1987,1.0029
39,5,0.51409,1.2235
39,6,0.26647,1.3385
39,7,-0.18392,1.1522
39,8,0.040358,1.1189
39,9,0.37825,1.3225
39,10,0.69797,1.0798
39,11,1.0931,1.1951
39,12,2.1485,1.2047
39,13,0.465,1.4698
39,14,0.52245,1.3889
40,1,0.686,1.0567
40,2,1.5,0.98847
40,3,0.3288,0.9857
40,4,0.3288,0.92939
40,5,0.029,0.84487
40,6,0.3694,0.73484
40,7,3.1238,0.70865
40,8,4.3992,0.76568
40,9,0.75333,0.79135
40,10,1.009,0.81199
40,11,2.4999,0.87008
40,12,2.9514,0.96661
40,13,3.0273,1.0128
40,14,4.1345,0.8371
41,1,1.3132,1.0577
41,2,0.91136,1.1931
41,3,1.0915,1.0767
41,4,1.5361,1.0004
41,5,0.77906,0.99525
41,6,0.80523,1.0586
41,7,0.75991,1.1821
41,8,0.55636,1.1891
41,9,-0.58186,1.2083
42,1,-1.4153,1.105
43,1,0.0822,1.2184
43,2,0.0811,1.4544
43,3,1.1255,1.2538
43,4,1.7532,1.7237
43,5,0.3642,2.2587
43,6,0.08815,2.0229
43,7,0.16265,1.4226
43,8,0.4212,1.5202
43,9,0.4785,1.7227
43,10,0.9887,2.4616
43,11,2.5209,2.4259
43,12,2.3181,2.9723
43,13,2.7711,3.445
43,14,1.0425,3.6411
44,1,0.0045714,1.0113
44,2,0.0022222,1.015
44,3,0.00096618,0.97776
44,4,0.29758,0.97149
44,5,0.28966,0.99072
44,6,0.04599,0.973
44,7,0.047729,0.93811
44,8,0.027053,0.90207
44,9,-2.9702,0.92375
45,1,0.042433,1.1104
45,2,1.7715,1.0759
45,3,0.81771,1.0706
45,4,0.68707,0.97527
45,5,1.219,0.97068
45,6,0.3393,1.2808
45,7,0.43332,1.0324
45,8,0.1703,1.1129
45,9,1.2767,0.97277
45,10,0.85562,1.3149
45,11,0.73839,1.2492
45,12,0.087718,1.7741
45,13,0.087718,1.846
45,14,0.10179,1.846
46,1,0.011364,1.0303
46,2,0.024353,0.95607
46,3,0.078138,0.92329
46,4,0.25773,0.98476
46,5,0.50737,1.1856
46,6,0.74424,1.3189
46,7,0.79381,1.4902
46,8,0.79754,1.4158
46,9,0.68689,1.4646
46,10,0.64749,1.4068
46,11,0.58043,1.3758
46,12,-0.03391,1.3097
46,13,-2.0572,1.0805
47,1,0.37096,0.54971
47,2,0.35625,0.90003
47,3,0.10423,0.85333
47,4,1.1174,0.83011
47,5,1.1112,1.0872
47,6,1.4185,1.7984
47,7,1.6335,1.9082
47,8,1.6543,2.227
47,9,1.9426,2.4095
47,10,2.9271,2.0762
47,11,5.786,2.229
47,12,7.8348,1.9889
47,13,1.6042,3.0525
47,14,1.7854,1.4039
48,1,1.5579,1.2006
48,2,0.0595,1.1324
48,3,0.013533,0.97651
48,4,0.89833,0.87082
48,5,0.55982,1.0317
48,6,0.75863,1.2376
48,7,1.0306,1.1837
48,8,1.4569,1.1936
48,9,1.5148,1.1275
48,10,1.7247,1.1259
48,11,3.2324,1.0981
48,12,4.1773,1.1994
48,13,2.0611,1.2301
48,14,2.89,1.145
49,1,0.24206,0.97421
49,2,0.27456,0.92265
49,3,1.2853,0.85671
49,4,1.4403,1.0449
49,5,1.6533,1.67
49,6,2.4294,1.6693
49,7,3.4739,1.5549
49,8,1.8025,1.4172
49,9,2.5121,1.2142
49,10,3.4574,1.268
49,11,4.8009,1.3032
49,12,3.2355,1.3939
49,13,4.2655,1.4474
49,14,5.4457,1.3489
50,1,0.16241,1.2239
50,2,0.13681,1.1268
50,3,0.18839,1.115
50,4,1.891,1.0782
50,5,2.1699,1.242
50,6,1.0129,1.176
50,7,1.1804,1.2878
50,8,1.29,1.1964
50,9,1.2317,1.182
50,10,1.2455,1.123
50,11,2.9422,1.0996
50,12,1.7816,1.1274
50,13,2.5458,1.0955
50,14,0.78479,1.1417
51,1,0.62827,1.1637
51,2,0.1446,1.2863
51,3,0.0389,1.0854
51,4,0.57147,1.0665
51,5,0.561,1.3902
51,6,0.795,1.3628
51,7,1.3662,1.2188
51,8,0.41459,1.6022
51,9,0.64323,1.6431
51,10,1.0791,1.4931
51,11,2.9296,1.5291
51,12,0.38757,1.4636
51,13,0.60463,1.4752
51,14,0.29154,1.5337
52,1,1.0232,1.159
52,2,0.34642,1.1531
52,3,1.662,1.1225
52,4,1.2213,1.4651
52,5,1.0974,1.3381
52,6,1.7056,1.4474
52,7,1.8991,1.5814
52,8,0.71697,1.5394
52,9,0.87702,1.3472
52,10,1.0362,1.403
52,11,2.3528,1.4921
52,12,3.1405,1.8326
52,13,3.5052,1.776
52,14,4.205,1.634
53,1,1.0193,1.2568
53,2,0.21672,1.2657
53,3,0.044407,1.1768
53,4,1.8066,1.1119
53,5,2.5598,1.3061
53,6,1.7745,1.2698
53,7,2.0247,1.5728
53,8,2.3469,1.4031
53,9,2.7657,1.3413
53,10,3.6956,1.2474
53,11,1.6697,1.001
53,12,1.2641,1.073
53,13,-0.15687,1.0733
53,14,-2.7519,0.94521
54,1,1.182,1.0544
54,2,1.3978,1.0277
54,3,0.23315,0.99153
54,4,2.1606,0.93114
54,5,2.5068,1.2916
54,6,3.5065,1.2411
54,7,3.697,1.2441
54,8,6.1635,1.2575
54,9,2.922,1.5572
54,10,4.0583,1.4854
54,11,3.1476,1.4606
54,12,4.1567,1.5834
54,13,4.2675,1.554
54,14,1.7554,1.3197
55,1,0.1895,1.0908
55,2,0.02155,0.98501
55,3,0.16375,0.97775
55,4,3.7216,0.85912
55,5,2.9343,1.3077
55,6,3.4806,1.2542
55,7,2.1747,1.4968
55,8,2.3504,1.2777
55,9,2.3822,1.1971
55,10,3.0377,1.1557
55,11,7.6613,1.1297
55,12,8.9235,1.1988
55,13,7.5504,1.2077
55,14,2.9433,1.1378
56,1,0.98749,1.1922
56,2,0.24799,1.1368
56,3,0.04075,1.1019
56,4,2.466,1.1419
56,5,2.0052,1.4463
56,6,2.2899,1.4771
56,7,2.5151,1.6088
56,8,2.7683,1.4917
56,9,3.1491,1.4033
56,10,4.0039,1.4725
56,11,6.1686,1.447
56,12,3.4724,1.5657
56,13,3.7178,1.3314
56,14,3.9822,1.3552
57,1,0.34206,1.1637
57,2,0.18714,1.0301
57,3,0.57317,0.90457
57,4,0.79552,0.95609
57,5,0.56359,0.9537
57,6,0.81613,1.0243
57,7,1.0425,0.91968
57,8,1.2433,0.80872
57,9,1.2602,0.73341
57,10,1.112,0.6882
57,11,0.65296,0.66246
57,12,0.66257,1.3999
57,13,0.74348,1.1489
57,14,0.76135,1.0513
58,1,0.081667,0.82515
58,2,0.52153,0.8883
58,3,0.55583,1.0235
58,4,0.555,1.0081
58,5,1.032,1.2552
58,6,1.2784,1.2497
58,7,0.86919,1.3505
58,8,0.24544,1.4531
58,9,0.61516,1.2633
58,10,0.51639,1.4265
58,11,1.0311,1.4301
58,12,1.3325,1.4501
58,13,0.73005,1.3592
58,14,0.69693,1.639
59,1,0.4106,1.548
59,2,0.8877,1.5607
59,3,1.4082,1.4857
59,4,2.2459,1.4666
59,5,2.1681,0.73241
59,6,2.9542,0.32292
59,7,1.6008,0.46502
59,8,1.9752,0.57397
59,9,1.9696,0.62464
59,10,1.4819,0.44782
59,11,-0.37236,1.2302
59,12,-0.36035,1.1781
59,13,-0.037079,1.0664
59,14,-0.33676,1
60,1,0.10871,0.85227
60,2,0.23157,0.99589
60,3,0.38793,0.98441
60,4,1.4143,0.65721
60,5,0.79035,0.87342
60,6,0.03855,0.85069
60,7,-0.251,0.64652
60,8,-0.19413,0.45892
60,9,-0.20053,0.52555
60,10,1.1579,0.81465
60,11,1.9033,1.4359
60,12,0.40168,1.6082
60,13,0.13571,1.1309
60,14,-1.2361,0.9874
61,1,0.3649,1.3309
61,2,0.16054,1.2555
61,3,-0.1429,1.096
61,4,0.2137,1.0008
61,5,0.44274,1.0262
61,6,0.26669,1.1343
61,7,0.2428,1.3857
61,8,0.18318,1.4059
61,9,0.20444,1.3197
61,10,0.086807,1.2429
61,11,0.54798,1.0908
61,12,2.336,1.2345
61,13,3.0093,1.9919
61,14,1.1572,2.6466
62,1,0.38912,0.944
62,2,-0.3616,0.86234
62,3,-0.3437,0.84394
62,4,1.524,0.84289
62,5,0.38436,1.3084
62,6,0.40906,1.1807
62,7,0.53443,1.2454
62,8,0.66015,1.3967
62,9,0.45766,1.3505
62,10,0.39828,1.2046
62,11,1.2516,1.316
62,12,1.1876,2.8078
62,13,1.5668,2.4293
62,14,1.8262,3.2076
63,1,0.52245,1.1878
63,2,-0.71745,1.0697
64,1,0.73233,1.5286
64,2,0.23925,1.4532
64,3,0.068324,1.6204
64,4,0.43622,1.0063
64,5,0.31885,1.47
64,6,0.26643,1.3469
64,7,0.16271,1.3189
64,8,0.17451,1.3008
64,9,-0.10602,1.2945
64,10,0.023117,1.1049
64,11,0.31982,1.1898
64,12,0.5139,1.2873
64,13,0.42741,1.2795
64,14,0.23773,1.2423
65,1,0.17763,1.3116
65,2,1.902,1.067
65,3,1.0501,1.2652
65,4,1.3716,0.94493
65,5,0.68161,1.1112
65,6,0.99172,1.1241
65,7,0.84585,1.3254
65,8,1.0877,1.4156
65,9,0.60237,1.2919
65,10,0.035289,1.2819
65,11,0.05067,1.3786
65,12,0.021052,1.3635
65,13,-0.016951,1.5485
65,14,-0.064349,1.2388
66,1,0.36353,1.217
66,2,0.39327,1.7055
66,3,0.39047,1.4134
66,4,0.5904,1.5475
66,5,1.9595,1.4098
66,6,2.2364,1.3374
66,7,2.0134,1.4823
66,8,1.7443,1.3397
66,9,1.9562,0.91555
66,10,2.0778,1.0124
66,11,0.35631,0.90797
66,12,0.33861,1.4195
66,13,0.36573,1.4811
66,14,0.45948,1.4206
67,1,0,0.65606
67,2,1.2994,0.56303
67,3,1.1376,1.0459
67,4,1.1269,1.0915
67,5,0.84163,1.2621
67,6,0.82311,1.1864
67,7,0.92819,0.92399
67,8,0.75074,0.82806
67,9,0.74684,0.70215
67,10,-0.35301,0.60049
67,11,-0.77361,0.47922
68,1,2.4646,0.78062
68,2,2.038,1.0856
68,3,0.52104,1.3305
68,4,0.58569,1.1657
68,5,0.44969,1.304
68,6,0.38602,1.2992
68,7,0.31014,1.1801
68,8,-0.03595,1.1538
68,9,-0.22323,1.0037
68,10,-0.28798,0.96551
68,11,-0.47441,1.0902
68,12,-1.2347,1.058
69,1,1.1116,0.78176
69,2,1.6335,0.87257
69,3,1.0504,0.88162
69,4,0.36012,0.82788
69,5,0.00272,0.72031
69,6,0.026085,0.79771
69,7,-0.048142,0.78047
69,8,-1.7389,0.85505
70,1,0.13942,1.5064
70,2,0.20064,1.4214
70,3,0.18053,1.6744
70,4,0.53374,1.6898
70,5,0.61426,2.9003
70,6,0.52064,2.4345
70,7,0.27164,2.4566
70,8,0.51028,1.7198
70,9,0.44692,2.3426
70,10,0.66577,2.139
70,11,0.90864,1.8376
70,12,1.0121,1.7484
70,13,0.57558,1.6272
70,14,0.55217,2.4928
71,1,-0.76762,1.1453
72,1,0.25129,1.0908
72,2,0.42418,0.96718
72,3,0.57364,0.75801
72,4,0.88624,0.73107
72,5,0.7497,1.8531
72,6,1.0876,0.50579
72,7,1.3357,0.54372
72,8,1.1119,0.84835
72,9,0.59497,0.46832
72,10,1.0063,0.55659
72,11,2.0396,0.71543
72,12,2.0382,0.94572
72,13,1.1316,0.84229
72,14,0.86913,0.67425
73,1,0.10847,0.35511
73,2,0.017623,0.37864
73,3,0.6968,0.3478
73,4,0.59312,0.64889
73,5,0.43731,0.50245
73,6,0.67574,0.50946
73,7,0.78089,0.83981
73,8,0.9276,0.99981
73,9,0.69839,0.94046
73,10,0.85112,0.74415
73,11,1.4807,0.5568
73,12,1.0769,0.80626
73,13,0.85651,0.66919
73,14,1.1745,0.51071
74,1,0,1.0056
74,2,0.063348,0.5434
74,3,0.15581,0.20222
74,4,1.0788,0.22219
74,5,0.95655,0.31219
74,6,0.47843,0.24016
74,7,0.77034,0.28603
74,8,1.153,0.43515
74,9,0.61865,0.71845
74,10,0.6379,0.873
74,11,1.6176,0.93602
74,12,1.1092,1.164
74,13,0.63125,0.77504
74,14,0.3957,0.65663
75,1,2.0115,0.53116
75,2,0.11934,0.9568
75,3,1.2388,0.71608
75,4,5.6884,0.61138
75,5,5.3433,0.7891
75,6,3.6912,0.50328
75,7,0.6722,0.55756
75,8,0.69978,0.61875
75,9,0.79231,0.62678
75,10,0.88032,0.9518
75,11,1.1324,1.3106
75,12,1.2124,0.86338
75,13,0.95272,1.8358
75,14,0.94839,1.2084
76,1,2.5111,0.99801
76,2,0.64258,1.0254
76,3,0.052452,0.52172
76,4,1.154,0.40889
76,5,0.56019,0.69655
76,6,0.57495,0.41335
76,7,0.99399,0.3093
76,8,0.34174,0.30174
76,9,0.13245,0.24474
76,10,0.42423,0.22328
76,11,0.81156,0.34076
76,12,0.83322,0.44536
76,13,0.16214,0.68108
76,14,0.044084,0.43892
77,1,0.66581,0.94766
77,2,0.44263,0.96645
77,3,0.49385,0.67438
77,4,5.661,0.58268
77,5,5.3725,1.4589
77,6,7.3456,2.1775
77,7,8.1214,2.9113
77,8,7.0712,3.5093
77,9,7.6871,1.0138
77,10,9.5798,1.0156
77,11,4.7021,1.7668
77,12,4.717,1.4082
77,13,2.4277,0.92806
77,14,2.7354,0.79638
78,1,0.30763,0.90741
78,2,0.050917,0.91469
78,3,1.1079,0.55626
78,4,2.2353,0.60814
78,5,1.2512,0.78927
78,6,1.5106,0.80048
78,7,1.7232,0.75034
78,8,1.7096,1.2589
78,9,1.8077,1.1947
78,10,2.0702,1.2506
78,11,2.4285,1.2796
78,12,2.3266,1.2951
78,13,0.82562,1.361
78,14,0.48645,1.9102
79,1,0.19518,1.0484
79,2,1.227,0.68583
79,3,1.0417,0.95632
79,4,0.83116,0.3211
79,5,0.69669,0.66907
79,6,1.4188,0.3108
79,7,1.4138,0.35338
79,8,2.4421,0.61511
79,9,3.0527,0.83028
79,10,3.9281,0.75756
79,11,5.7274,1.0271
79,12,5.4167,1.4541
79,13,3.1056,1.2456
79,14,1.6267,0.83859
80,1,3.2671,2.6457
80,2,3.6062,2.3195
80,3,0.035333,1.7035
80,4,1.6761,1.2478
80,5,1.6027,1.9403
80,6,2.0174,2.0585
80,7,2.7668,1.8973
80,8,3.3283,2.37
80,9,2.1412,2.1919
80,10,2.8968,2.2511
80,11,2.8083,1.8812
80,12,3.0341,2.9555
80,13,4.1829,2.5162
80,14,4.7042,2.1734
81,1,0.18593,1.432
81,2,0.4374,1.2393
81,3,0.28415,1.3471
81,4,0.24052,1.2734
81,5,0.2026,1.2964
81,6,0.03796,1.3028
81,7,-0.27545,1.4257
81,8,-0.23743,1.5004
81,9,-0.22741,1.4086
81,10,-0.06404,1.3368
81,11,-0.1719,2.0764
81,12,-0.37384,1.5564
81,13,-0.796,1.3799
82,1,0.2825,0.80082
82,2,-0.15275,0.86291
82,3,-0.67225,0.72769
83,1,1.4105,1.5223
83,2,1.6428,1.2323
83,3,1.6604,1.1197
83,4,1.6,0.40036
83,5,1.653,0.59046
83,6,1.8224,0.49143
83,7,1.6106,0.44952
83,8,-2.2067,0.48447
84,1,0.17901,0.96448
84,2,0.043004,0.91797
84,3,0.2023,1.314
84,4,0.1832,1.0675
84,5,0.091604,1.1351
84,6,0.30291,1.1208
84,7,0.32723,1.2753
84,8,0.059016,1.7918
84,9,-0.14721,1.02
84,10,-0.065002,0.71645
84,11,0.99439,0.78215
84,12,0.28448,1.1222
84,13,0.0019356,0.71944
84,14,-0.55891,0.75945
85,1,0.011114,1.1351
85,2,0.026229,1.0845
85,3,0.036714,0.99242
85,4,0.7014,1.0588
85,5,0.69457,1.1926
85,6,0.86774,1.0696
85,7,0.65403,1.0725
85,8,0.86743,1.0232
85,9,1.4139,1.0533
85,10,2.2776,1.3364
85,11,1.5701,3.043
85,12,1.513,1.3304
85,13,1.2118,1.2431
85,14,1.3959,1.1449
86,1,0.11,1.3718
86,2,0.11497,1.3967
86,3,0.35069,1.3052
86,4,0.7134,1.4034
86,5,1.2629,2.6949
86,6,1.3079,1.8483
86,7,0.83611,1.7676
86,8,0.41414,1.4355
86,9,0.48681,1.0762
86,10,0.82053,1.0971
86,11,0.8618,1.1685
86,12,0.40201,1.2056
86,13,0.32231,1.0447
86,14,-0.016638,0.69203
87,1,0.3952,1.2375
87,2,0.3948,1.1336
87,3,0.3779,1.094
87,4,1.2235,1.1033
87,5,0.27555,1.1885
87,6,0.89016,1.0887
87,7,0.1802,1.1153
87,8,-0.76948,0.9871
88,1,0.027094,2.2814
88,2,-0.54796,1.7805
89,1,-5.6838,1.1256
90,1,0.051628,1.0162
90,2,0.25693,1.2077
90,3,0.29538,1.1298
90,4,0.31699,0.80961
90,5,0.32226,0.87905
90,6,0.39761,0.98226
90,7,0.55749,1.3731
90,8,0.44299,1.302
90,9,0.47328,1.1554
90,10,0.82691,1.5689
90,11,2.8899,1.4848
90,12,2.7702,1.9182
90,13,1.021,1.7925
90,14,1.2363,1.248
91,1,0.020472,1.0117
91,2,0.021922,0.8568
91,3,0.6846,0.88694
91,4,0.13626,0.98026
91,5,-0.23059,1.0289
91,6,-0.70921,1.1191
92,1,0.083333,1.0996
92,2,0.15475,1.3218
92,3,0.20145,1.1582
92,4,1.0432,1.0379
92,5,0.8834,1.3631
92,6,0.72098,1.5209
92,7,0.66944,1.3529
92,8,1.1028,1.285
92,9,1.7041,1.3549
92,10,1.5894,1.5796
92,11,2.3169,1.5424
92,12,0.78264,1.6353
92,13,0.28835,1.4499
92,14,0.40786,1.5867
93,1,-0.8553,1.8548
94,1,0.056889,1.034
94,2,0.0055282,0.8352
94,3,0.019992,0.75191
94,4,0.95305,0.5721
94,5,1.0902,0.80783
94,6,1.4896,0.79003
94,7,0.86698,0.89249
94,8,1.2808,1.0402
94,9,2.0898,1.2248
94,10,1.6152,1.1808
94,11,2.0329,1.5688
94,12,1.6301,2.0845
94,13,2.2788,2.9186
94,14,0.93852,3.909
95,1,0.035758,1.2157
95,2,0.018212,1.2341
95,3,0.039848,1.2202
95,4,0.22448,1.2303
95,5,0.47655,1.5648
95,6,0.60266,1.5293
95,7,1.1111,1.8455
95,8,1.0603,1.8707
95,9,1.1084,1.9763
95,10,2.8361,1.5012
95,11,6.1089,1.4475
95,12,2.6319,2.1522
95,13,2.0579,1.6133
95,14,0.65344,1.349
96,1,0.034813,0.38943
96,2,0.06475,0.49011
96,3,0.32069,0.54256
96,4,9.3749,0.70861
96,5,0.14025,2.5723
96,6,-0.4804,0.64265
96,7,0.35242,0.37988
96,8,0.50482,0.81399
96,9,0.58941,2.9492
96,10,1.2818,1.8797
96,11,1.2458,2.6247
96,12,0.85656,3.5201
96,13,0.28241,1.7773
96,14,1.3703,1.3293
97,1,0.36214,1.292
97,2,0.61276,1.1348
97,3,1.19,1.2937
97,4,1.4462,1.3218
97,5,0.91072,1.6122
97,6,1.4814,1.5629
97,7,1.6322,1.996
97,8,2.3487,2.2328
97,9,0.86428,2.457
97,10,1.2647,2.2922
97,11,0.40714,1.8024
97,12,0.47904,2.196
97,13,0.21882,2.5228
97,14,0.11276,1.4504
98,1,-0.0823,0.60692
98,2,0.070083,0.54428
98,3,0.21865,0.79299
98,4,0.038133,0.89372
98,5,0.0597,0.83234
98,6,0.23095,0.85567
98,7,0.40798,1.0304
98,8,0.51925,1.1125
98,9,0.30982,1.4213
98,10,0.31037,1.4709
98,11,0.74967,1.4922
98,12,1.0405,1.7693
98,13,0.84257,2.2363
98,14,0.19647,2.2263
99,1,-0.11065,1.0534
99,2,0.0679,1.0652
99,3,0.0147,1.1567
99,4,0.14383,1.1041
99,5,0.69163,1.1319
99,6,0.7854,1.2334
99,7,0.34428,1.4148
99,8,0.22249,1.4408
99,9,0.079062,1.2014
99,10,-0.97475,1.1771
100,1,0.15677,1.0246
100,2,0.13046,0.79696
100,3,0.42583,1.1007
100,4,0.061346,1.3134
100,5,0.43891,0.98085
100,6,0.47346,0.9303
100,7,0.4616,0.88577
100,8,0.89686,0.94864
100,9,-0.37147,1.1031
100,10,0.21968,0.72815
100,11,0.04456,1.1898
100,12,-0.1284,1.5872
100,13,-0.48243,1.3346
100,14,-1.0118,1.0629
101,1,1.6401,1.212
101,2,1.2129,1.1733
101,3,1.0134,1.1295
101,4,1.3322,2.2288
101,5,1.3297,1.6576
101,6,1.1882,1.3375
101,7,1.2657,1.2618
101,8,2.9546,1.2437
101,9,1.2156,1.0738
101,10,0.84296,1.2763
101,11,1.2682,1.1179
101,12,0.24208,1.0027
101,13,-0.31372,0.81087
101,14,-1.9532,0.76579
102,1,0,1.2718
102,2,0.0039412,1.0663
102,3,0.13053,1.0098
102,4,0.53229,0.99666
102,5,0.83226,1.0411
102,6,1.1152,1.1063
102,7,0.6382,1.0902
102,8,0.51542,1.6494
102,9,0.59456,1.0796
102,10,0.22242,0.9068
102,11,0.99152,1.0265
102,12,1.6988,1.6099
102,13,0.18527,2.2065
102,14,0.16636,2.3885
103,1,-1.166,1.2684
104,1,0.396,1.0134
104,2,0.080333,1.1697
104,3,0.32867,1.0203
104,4,1.1183,1.0475
104,5,0.32333,1.136
104,6,0.95167,1.0478
104,7,-3.14,1.0892
105,1,0.18267,1.0631
105,2,0.177,1.0081
105,3,-0.79627,0.82147
106,1,-0.35605,1.3842
106,2,-0.4831,1.1593
106,3,-0.86225,1.1626
107,1,0.02248,1.3466
107,2,0.01925,1.1023
107,3,0.05674,0.99983
107,4,1.5869,0.88942
107,5,1.7645,1.0966
107,6,2.1445,1.0858
107,7,2.9138,1.1683
107,8,1.0664,1.247
107,9,1.2591,1.2013
107,10,1.5713,1.1156
107,11,3.3486,1.0342
107,12,1.049,1.1218
107,13,0.84237,1.0344
107,14,1.0442,0.98376
108,1,0.1054,1.2505
108,2,0.13262,1.2479
108,3,0.26842,1.2186
108,4,1.5826,1.3575
108,5,0.69793,2.1418
108,6,0.77762,1.8203
108,7,0.32251,1.6141
108,8,0.28254,1.081
108,9,0.35455,0.98231
108,10,-0.49316,0.92017
108,11,-1.7139,1.1613
109,1,0.34314,0.97412
109,2,0.09834,0.76143
109,3,0.032436,1.2847
109,4,0.056944,1.322
109,5,0.20245,1.4297
109,6,0.8382,0.91067
109,7,0.35676,1.4288
109,8,0.4724,1.1031
109,9,0.42596,1.2884
109,10,0.40029,1.2948
109,11,0.58392,1.2434
109,12,0.43557,1.6284
109,13,0.22484,1.6169
109,14,0.28547,1.4428
110,1,0.34229,1.5377
110,2,0.39472,0.81961
110,3,0.50472,1.5748
110,4,0.3195,1.7429
110,5,0.10165,0.8845
110,6,0.26623,0.70137
110,7,0.37023,0.81423
110,8,0.18839,1.3416
110,9,0.048877,0.90551
110,10,0.069937,0.94508
110,11,1.3067,1.4973
110,12,1.2596,1.7531
110,13,0.78431,1.6437
110,14,0.66554,1.3085
111,1,0.31178,1.1393
111,2,0.37402,1.1798
111,3,0.26808,1.2966
111,4,-0.2474,1.1475
111,5,-0.49362,0.9409
111,6,-0.62514,0.69115
112,1,0.37513,1.1862
112,2,-0.30712,1.1083
112,3,-0.22792,0.87479
112,4,0.051117,0.831
112,5,0.32346,0.93367
112,6,0.45669,1.5941
112,7,0.37549,1.8254
112,8,0.45768,1.0049
112,9,0.36154,0.95111
112,10,0.32965,1.4005
112,11,0.058828,1.221
112,12,0.037794,1.1227
112,13,-0.069883,1.037
112,14,-1.9827,0.95871
113,1,0.021039,1.8892
113,2,-1.4236,1.6988
114,1,0.1517,1.5041
114,2,0.27781,1.0778
114,3,0.41791,1.2145
114,4,0.39137,1.2662
114,5,0.43646,1.7513
114,6,0.55063,1.7282
114,7,0.61017,1.5432
114,8,0.76765,1.4128
114,9,0.64562,1.6364
114,10,1.3943,1.7096
114,11,3.0481,1.8842
114,12,1.6352,1.3173
114,13,0.49491,1.1325
114,14,0.40279,1.0852
115,1,0.57693,1.0334
115,2,2.429,0.98375
115,3,0.36804,0.99624
115,4,0.16667,0.95516
115,5,0.20253,0.97704
115,6,0.91995,1.0459
115,7,0.55044,1.2414
115,8,0.71162,1.1383
115,9,0.21044,1.2057
115,10,-0.19435,1.1903
115,11,-0.22594,0.79959
115,12,-0.72018,0.82876
116,1,0.33545,0.62245
116,2,0.42108,0.81673
116,3,1.0735,0.83818
116,4,5.1339,0.97347
116,5,2.474,2.3656
116,6,0.298,1.2555
116,7,1.8713,0.87026
116,8,1.5636,1.1646
116,9,2.3926,1.9801
116,10,1.5741,3.1315
116,11,2.283,4.1433
116,12,0.45,4.1357
116,13,0.20778,1.9319
116,14,0.70006,1.7079
117,1,0.35408,1.1036
117,2,0.099276,1.1096
117,3,0.088096,1.317
117,4,0.35537,1.1302
117,5,0.42081,1.091
117,6,0.32019,0.96577
117,7,0.24577,0.86745
117,8,0.23306,0.91842
117,9,0.11941,0.9742
117,10,0.5759,0.87546
117,11,1.2175,1.2248
117,12,1.1879,1.1962
117,13,1.1793,1.1351
117,14,1.2268,1.1017
118,1,0.30385,1.2103
118,2,0.34613,1.2554
118,3,0.28408,1.117
118,4,0.17015,1.0156
118,5,0.80818,1.0029
118,6,0.75202,1.2223
118,7,0.88141,1.1253
118,8,0.95812,1.1695
118,9,0.91104,0.81634
118,10,0.99212,0.72943
118,11,1.2696,0.84388
118,12,-0.15178,0.82145
118,13,-8.6317,0.64653
119,1,0.44936,1.4975
119,2,0.64689,1.5725
119,3,0.19911,1.2862
119,4,0.85036,1.2686
119,5,0.24068,1.3456
119,6,-0.44847,1.3504
119,7,-1.2853,1.0335
120,1,0,1.163
120,2,0,1.1075
120,3,0.16085,1.1732
120,4,0.70485,1.2381
120,5,0.618,1.2112
120,6,0.47762,1.1228
120,7,-1.4749,0.97938
121,1,2.0014,1.5267
121,2,0.75356,2.2316
121,3,0.74604,2.1196
121,4,0.19478,1.5225
121,5,0.37513,1.8315
121,6,1.0636,1.883
121,7,1.4879,1.8193
121,8,0.45301,1.447
121,9,1.6854,1.1545
121,10,3.2478,1.2554
121,11,2.0727,1.2223
121,12,1.9377,1.2143
121,13,17.049,1.136
122,1,0.21652,1.1117
122,2,0.52643,1.1034
122,3,0.036696,1.0332
122,4,0.18565,0.95389
122,5,0.26043,0.85043
122,6,0.52165,0.83397
122,7,-1.1969,0.84144
123,1,1.0966,0.88154
123,2,0.25717,1.0713
123,3,0.4542,1.2628
123,4,0.014449,0.72259
123,5,-0.43438,0.67077
123,6,-0.84341,0.72601
124,1,0.030648,1.1422
124,2,0.10499,1.2186
124,3,0.24245,0.74158
124,4,0.39372,1.265
124,5,0.53192,1.1839
124,6,0.46461,1.1221
124,7,0.67693,1.2622
124,8,1.2295,1.4648
124,9,1.31,1.0855
124,10,1.6399,1.1135
124,11,1.32,1.1936
124,12,1.449,1.6978
124,13,1.3079,2.1268
125,1,0.13343,0.8814
125,2,0.34834,1.8543
125,3,0.25526,1.3437
125,4,0.1473,0.87716
125,5,0.18819,0.98738
125,6,0.18434,1.0259
125,7,0.4703,1.1735
125,8,0.6835,1.9174
125,9,0.74473,1.8208
125,10,0.58634,2.3257
125,11,3.3218,1.0069
125,12,3.2607,4.114
125,13,2.1318,2.9432
125,14,0.55637,1.3157
126,1,0.31,1.645
126,2,0.42424,1.4813
126,3,0.50117,1.2623
126,4,1.1583,1.1332
126,5,1.4482,1.3872
126,6,1.6575,1.3944
126,7,2.0501,1.3485
126,8,2.3314,1.4355
126,9,2.7158,1.3714
126,10,3.4536,1.2117
126,11,4.1369,1.192
126,12,5.092,1.1033
126,13,3.9048,1.1062
126,14,0.61427,1.11
127,1,0.08435,0.93769
127,2,0.79318,0.95757
127,3,1.0469,0.99173
127,4,1.3815,0.98967
127,5,0.50927,1.0417
127,6,0.53655,1.1904
127,7,0.58369,1.164
127,8,0.64992,1.1426
127,9,0.017258,1.0078
127,10,-0.21659,0.8155
127,11,0.054116,0.8029
127,12,0.22546,0.85617
127,13,0.63398,0.83751
127,14,0.14888,0.70603
128,1,0.35405,1.5741
128,2,0.072381,1.3791
128,3,0.0040873,1.1878
128,4,0.6575,1.146
128,5,1.0311,1.3567
128,6,1.2249,1.5212
128,7,0.9146,1.7503
128,8,0.97306,1.3179
128,9,1.1541,1.2087
128,10,1.6982,1.1883
128,11,1.8024,1.184
128,12,0.22926,1.1215
128,13,0.08567,1.1657
128,14,0.51965,1.1787
129,1,0.49175,1.6712
129,2,0.64908,1.4265
129,3,0.69333,1.3585
129,4,0.70164,1.1565
129,5,1.16,1.8311
129,6,1.3135,2.1747
129,7,1.4578,2.0915
129,8,1.66,2.5168
129,9,1.8595,1.9452
129,10,0.50255,2.1408
129,11,0.3747,1.2997
129,12,0.56366,1.4862
129,13,0.39694,2.1013
129,14,0.0046932,2.3099
130,1,-0.2728,0.71213
130,2,-0.81797,0.72207
131,1,0.47713,0.92246
131,2,0.55656,1.0687
131,3,0.16547,0.94427
131,4,0.58516,0.98066
131,5,0.70894,0.96018
131,6,0.74713,0.92061
131,7,0.72952,0.95661
131,8,0.57699,0.92212
131,9,0.54932,1.0117
131,10,0.22693,0.9355
131,11,0.25387,1.0209
131,12,0.15543,0.9278
131,13,0.034322,0.92925
131,14,-0.11805,0.98299
132,1,0.00016471,0.99824
132,2,0.0026815,1.2064
132,3,-0.47413,1.5086
132,4,-0.78312,1.1018
133,1,0.17184,2.07
133,2,0.4888,1.9619
133,3,0.27316,3.3338
133,4,0.76984,2.0554
133,5,0.84976,4.5818
133,6,0.77504,4.1043
133,7,0.6766,3.8046
133,8,0.64568,2.1032
133,9,-0.11031,1.6548
133,10,-0.52612,1.427
134,1,-0.1306,1.2232
134,2,-1.8626,1.1929
135,1,0.40024,1.0279
135,2,0.14654,0.74642
135,3,0.20523,0.75277
135,4,-0.0044267,0.77458
135,5,0.21259,0.75653
135,6,0.24994,0.80808
135,7,-0.12536,0.81759
135,8,0.068987,0.7346
135,9,-0.060093,0.88644
135,10,-0.32991,0.90208
135,11,-0.33817,0.84584
135,12,-0.28059,0.99644
135,13,0.018767,1.0529
135,14,-0.20601,1.3921
136,1,0.419,0.99601
136,2,0.3659,1.0213
136,3,-2.3225,0.9805
137,1,0.28137,1.2006
137,2,0.49304,1.4813
137,3,0.5398,1.4934
137,4,0.64985,1.3185
137,5,0.3317,1.2653
137,6,0.1451,1.3316
137,7,0.1145,1.1338
137,8,0.19421,0.96388
137,9,0.25458,0.94614
137,10,0.45865,0.91861
137,11,0.5643,0.9883
137,12,0.49993,1.0162
137,13,0.31124,1.1029
137,14,0.63989,1.203
138,1,0.15661,1.1947
138,2,0.0084585,0.93654
138,3,0.33249,0.73399
138,4,0.90162,0.84341
138,5,1.7302,1.266
138,6,2.7483,1.2347
138,7,2.344,1.1891
138,8,2.5225,0.95726
138,9,3.7939,0.9114
138,10,5.6023,1.2319
138,11,0.72531,1.1554
138,12,0.40318,1.0584
138,13,-0.014654,1.1513
138,14,-0.060677,1.0435
139,1,0.11773,0.85712
139,2,0.1,1.1197
139,3,0.11705,0.86961
139,4,1.6263,1.007
139,5,1.5205,3.7027
139,6,1.7643,2.9116
139,7,1.7655,1.8012
139,8,1.9757,1.7573
139,9,1.9875,2.0295
139,10,3.3013,1.7368
139,11,2.1103,1.9626
139,12,2.0895,3.0601
139,13,2.0422,1.8279
139,14,1.9352,1.7568
140,1,0.2,0.80884
140,2,0.1626,0.43435
140,3,0.0014,0.91164
140,4,0.1308,0.62766
140,5,0.2073,1.0247
140,6,-0.2827,1.471
140,7,-0.48,0.57056
140,8,-0.6615,0.45348
141,1,0.49571,1.4165
141,2,0.36486,0.91045
141,3,0.67377,1.209
141,4,0.84389,1.1507
141,5,0.54803,1.0607
141,6,0.53246,1.0367
141,7,0.72046,1.0564
141,8,0.43006,1.0463
141,9,0.27743,0.99714
141,10,0.55691,1.1114
141,11,1.1403,1.0529
141,12,1.5363,1.0415
141,13,2.0683,1.0615
141,14,2.8044,1.0776
142,1,1.5523,1.2994
142,2,0.76108,1.1653
142,3,1.0551,1.1903
142,4,1.206,1.2574
142,5,1.0511,1.331
142,6,1.0913,1.2074
142,7,1.2203,1.1325
142,8,1.4455,1.0567
142,9,1.6718,1.0327
142,10,2.3832,1.007
142,11,2.9049,0.94911
142,12,2.8668,0.99765
142,13,2.5147,0.9998
142,14,20.176,0.96149
143,1,0.12467,0.74933
143,2,0.27317,0.80855
143,3,0.4671,0.8753
143,4,0.62803,0.76794
143,5,3.0261,0.77401
143,6,1.3646,1.0521
143,7,1.8288,1.0058
143,8,2.4847,1.1613
143,9,4.2364,1.2212
143,10,3.6661,1.5239
143,11,4.6393,1.7574
143,12,4.6833,1.8368
143,13,4.2996,1.6994
143,14,4.6403,1.3913
144,1,-0.1102,0.90109
144,2,-0.21515,0.95295
144,3,0.0218,0.97382
144,4,-0.0224,1.0173
144,5,-1.1433,1.0339
145,1,0.19079,0.95692
145,2,0.29341,1.0829
145,3,0.1589,1.1138
145,4,0.40049,1.147
145,5,0.23227,1.2731
145,6,0.21352,1.6463
145,7,0.33549,1.6189
145,8,0.73092,1.8248
145,9,0.60107,2.3116
145,10,0.73444,2.3398
145,11,0.95585,2.6796
145,12,0.67334,1.9193
145,13,0.08108,1.3568
145,14,-0.43256,1.1596
146,1,3.5472,2.0762
146,2,4.7482,1.87
146,3,2.021,1.7254
146,4,3.05,1.2657
146,5,2.9364,1.3137
146,6,1.7885,1.2243
146,7,7.0749,1.0569
146,8,3.199,1.6141
146,9,1.732,1.5096
146,10,3.3599,1.1122
146,11,5.0348,1.2335
146,12,4.5598,1.2186
146,13,1.6959,1.0856
146,14,2.0799,1.1243
147,1,3.2218,1.6845
147,2,4.2599,0.95117
147,3,2.207,0.78476
147,4,2.022,0.82144
147,5,0.96224,0.79572
147,6,0.64882,0.66129
147,7,0.13368,0.5484
147,8,0.73211,0.52264
147,9,0.94188,0.62558
147,10,2.0329,0.7339
147,11,5.2475,0.89185
147,12,5.2509,1.6197
147,13,1.0685,1.9141
147,14,0.76327,1.9978
148,1,0.334,1.0857
148,2,0.45629,0.93147
148,3,0.97957,0.7366
148,4,1.1112,0.72821
148,5,0.42382,0.84776
148,6,0.83375,0.73023
148,7,0.20531,0.82162
148,8,0.67522,0.90632
148,9,-0.33475,0.85943
148,10,0.2758,0.99254
148,11,-1.6328,1.0528
149,1,0.13973,1.2658
149,2,0.17952,1.1246
149,3,0.2674,1.2212
149,4,0.57042,0.99205
149,5,0.85458,0.80406
149,6,0.82823,0.86625
149,7,0.92783,1.0236
149,8,0.89717,0.90875
149,9,0.81935,0.74472
149,10,0.40885,0.82371
149,11,0.48164,0.82682
149,12,0.49858,0.79896
149,13,0.65207,0.76915
149,14,0.91361,0.70443
150,1,0.40192,1.0725
150,2,0.1652,1.0758
150,3,0.011356,1.1286
150,4,0.29304,1.024
150,5,0.21732,1.3393
150,6,0.15574,1.2472
150,7,0.04852,1.3313
150,8,0.02562,1.3035
150,9,1.5283,1.4344
150,10,0.94374,2.6042
150,11,0.89122,2.0246
150,12,0.70068,3.4435
150,13,0.68544,10.947
150,14,0.6176,6.0162
151,1,0.40188,2.0726
151,2,0.49931,1.4439
151,3,0.53888,1.4273
151,4,0.61065,1.2401
151,5,0.69426,1.023
151,6,0.86666,1.038
151,7,0.83183,1.0695
151,8,1.5179,1.0808
151,9,1.8037,1.1651
151,10,0.11122,1.5633
151,11,0.15089,1.2377
151,12,0.70392,1.2922
151,13,0.24508,1.5683
151,14,0.12429,1.591
152,1,2.0723,0.7674
152,2,2.19,0.80199
152,3,2.3619,1.0203
152,4,3.2468,0.82385
152,5,3.1141,1.21
152,6,3.0098,1.1532
152,7,2.9655,1.6094
152,8,3.0034,1.4956
152,9,3.009,1.4903
152,10,3.3281,1.4534
152,11,3.6799,1.9476
152,12,3.6532,2.927
152,13,3.3509,2.3931
152,14,4.784,2.0584
153,1,0.527,1.1136
153,2,1.1154,1.2105
153,3,0.9579,1.1623
153,4,1.6162,1.1195
153,5,1.025,1.3755
153,6,0.78776,1.0181
153,7,0.56128,0.89968
153,8,0.76566,0.83648
153,9,1.1945,0.91467
153,10,1.0671,0.97944
153,11,1.9515,0.96479
153,12,3.8664,0.97183
153,13,0.76341,1.0722
153,14,1.4515,1.134
154,2,0.77343,0.95397
154,3,0.42922,1.0184
154,4,1.3907,1.1625
154,5,1.2596,1.5151
154,6,1.0694,1.3169
154,7,0.4359,1.2514
154,8,0.30301,1.5354
154,9,0.026729,1.3493
154,10,0.041462,1.2681
154,11,0.099681,1.3297
154,12,0.17577,1.4596
154,13,0.15184,1.6118
154,14,0.14775,1.3656
155,1,0.035349,1.0577
155,2,-0.19092,1.1172
155,3,-0.12238,1.0381
155,4,1.1208,1.0047
155,5,0.66918,1.3357
155,6,0.079038,1.2345
155,7,0.43516,1.0327
155,8,-0.55839,1.1726
156,1,0.628,1.0513
156,2,1.0322,0.94104
156,3,0.5058,1.1033
156,4,0.2978,1.1507
156,5,0.53693,1.0768
156,6,0.65973,3.1644
156,7,0.73713,1.0304
156,8,1.0569,1.2767
156,9,1.7136,1.0776
156,10,2.7289,0.7938
156,11,3.7253,0.95809
156,12,5.4104,1.0305
156,13,5.5197,1.6639
156,14,6.766,0.95226
157,2,0.0413,1.2641
157,3,0.362,1.2051
157,4,0.6371,1.249
157,5,1.0273,1.2243
157,6,0.93735,1.3548
157,7,1.8062,1.2072
157,8,2.7829,1.3272
157,9,2.6725,1.2054
157,10,3.2023,1.1045
157,11,6.193,1.0668
157,12,3.407,1.2793
157,13,0.032032,1.2974
157,14,-0.052972,1.2567
158,2,-1.3803,1.3079
159,1,0.59326,1.0439
159,2,0.881,1.0437
159,3,1.4587,1.1083
159,4,1.2505,1.1093
159,5,3.84,1.2559
159,6,4.9007,1.6186
159,7,1.1537,1.6521
159,8,2.8263,1.1673
159,9,1.329,1.2867
159,10,1.502,1.3108
159,11,0.0605,1.1922
159,12,-2.7682,1.0684
160,3,0.28316,1.4833
160,4,0.47823,0.63352
160,5,0.79999,0.70518
160,6,-0.061348,0.75758
160,7,-0.36509,0.49673
160,8,-1.8469,0.57287
161,4,2.8775,1.5795
161,5,1.3075,3.3867
161,6,0.9062,2.8138
161,7,0.64212,4.1329
161,8,0.16932,2.449
161,9,-0.20408,2.2006
161,10,-0.42552,1.5443
161,11,-0.6364,1.0434
162,2,-0.67008,1.3995
163,2,0.65773,0.43364
163,3,2.0105,0.83148
163,4,7.7509,1.5178
163,5,6.167,3.2881
163,6,2.3184,5.0479
163,7,2.3422,1.611
163,8,2.7493,2.6604
163,9,1.0093,2.4048
163,10,2.0351,3.061
163,11,2.9129,3.4791
163,12,3.1899,5.1214
163,13,0.57842,3.7511
163,14,1.5536,2.4696
164,1,0.032062,1.0897
164,2,-0.18454,1.0517
164,3,-0.5772,0.77738
165,3,0.045853,0.84511
165,4,-0.24293,0.8343
165,5,-0.44091,0.7402
165,6,-0.92221,0.77051
166,1,0.28232,1.2684
166,2,0.14641,1.5309
166,3,-0.059067,1.5164
166,4,-0.09812,1.4058
166,5,-0.37696,1.2158
166,6,0.59141,1.0234
166,7,0.24658,1.7847
166,8,0.27201,1.4782
166,9,0.12975,1.7289
166,10,0.069507,6.9955
166,11,0.1071,4.7232
166,12,0.22417,5.0683
166,13,0.41485,6.9326
166,14,0.44169,4.4504
167,2,0.059063,0.75995
167,3,0.053097,0.85198
167,4,0.80945,0.69927
167,5,0.54008,0.84368
167,6,0.44018,1.2093
167,7,0.40335,1.0923
167,8,0.086592,1.0035
167,9,0.11892,0.88108
167,10,-0.49236,1.0095
167,11,-1.6778,0.86975
168,1,0.24944,1.3785
168,2,0.35576,1.3072
168,3,0.083472,1.5595
168,4,0.05125,1.4575
168,5,2.9919,1.106
168,6,1.3258,1.399
168,7,1.1383,1.0131
168,8,0.83467,1.0398
168,9,0.8533,0.92108
168,10,0.53123,0.89664
168,11,0.73477,1.2123
168,12,0.58073,1.3946
168,13,0.0055333,1.2877
168,14,-0.18182,1.7397
169,1,1.139,1.7605
169,2,1.5537,1.3135
169,3,1.9567,0.7925
169,4,2.5752,0.25224
169,5,3.1501,0.55728
169,6,1.833,0.24787
169,7,0.64858,0.46489
169,8,1.0029,0.53743
169,9,0.61308,0.54165
169,10,1.3512,0.59158
169,11,1.692,0.95034
169,12,1.1729,1.3336
169,13,1.7686,1.9823
169,14,1.7897,2.1697
170,1,0.8726,1.5046
170,2,0.7315,1.5308
170,3,0.94977,1.3533
170,4,0.40774,1.3948
170,5,0.21165,1.233
170,6,0.076743,1.132
170,7,-0.42163,1.1379
170,8,-0.26944,1.0373
170,9,-2.2864,1.0141
171,1,0.040385,1.0048
171,2,0.00065185,0.81692
171,3,0.10335,0.99608
171,4,0.42007,0.99109
171,5,0.47159,1.0293
171,6,1.0279,1.0372
171,7,1.3826,1.1388
171,8,1.6981,1.2344
171,9,1.4842,1.2867
171,10,1.4776,1.1193
171,11,6.0626,1.1072
171,12,5.2499,1.4178
171,13,1.3224,1.7903
171,14,1.5068,1.4965
172,7,1.1764,1.291
172,8,1.1471,1.1407
172,9,2.3681,1.1525
172,10,4.2817,1.2517
172,11,6.7265,1.3647
172,12,1.7016,1.8505
172,13,0.2249,1.7929
172,14,0.25928,1.4718
173,11,2.3633,1.4462
173,12,0.89928,1.948
173,13,0.44317,0.53616
173,14,0.74455,1.0379
174,9,0.52278,1.1327
174,10,1.4896,1.2443
174,11,4.7413,0.84263
174,12,0.43271,1.0119
174,13,0.40433,0.41122
174,14,0.10382,0.48777
175,10,0.78511,0.80143
175,11,1.5499,1.1714
175,12,0.9559,1.6064
175,13,0.80484,1.1674
175,14,1.2273,1.0052
176,4,-0.17106,3.0494
176,5,-0.16784,6.3548
176,6,0.012385,3.8434
176,7,0.18215,4.7018
176,8,0.31848,1.761
176,9,0.4887,2.029
176,10,1.6747,1.1311
176,11,1.6346,1.4379
176,12,1.5498,0.42828
176,13,0.14533,0.46277
176,14,0.019768,0.28747
177,6,1.1365,1.3768
177,7,1.1274,0.96915
177,8,1.3926,0.97637
177,9,2.5198,0.98475
177,10,6.618,1.3052
177,11,8.4211,2.9033
177,12,5.5809,2.6438
177,13,3.2629,1.6321
177,14,3.9109,1.2067
178,10,6.1313,2.5289
178,11,8.6508,3.2069
178,12,7.5925,5.4459
178,13,5.8277,3.2826
178,14,4.9823,1.6608
179,2,0.21212,0.86483
179,3,0.16701,0.90415
179,4,0.46937,0.82063
179,5,0.22576,0.89867
179,6,0.63176,0.97272
179,7,0.50575,1.0943
179,8,0.6663,0.991
179,9,0.71663,1.0404
179,10,0.99349,1.1049
179,11,0.83023,1.0859
179,12,1.2681,1.0092
179,13,1.4876,1.074
179,14,2.0845,1.0848
180,3,0.01686,1.2253
180,4,0.090315,0.78153
180,5,0.069337,0.67152
180,6,-0.18562,0.3523
180,7,-4.0633,0.29624
181,4,0.52408,0.68716
181,5,0.44637,0.92396
181,6,0.51584,0.96463
181,7,0.4692,1.3234
181,8,0.39649,1.1472
181,9,0.39148,1.1296
181,10,0.61686,1.1707
181,11,0.93429,1.2361
181,12,1.9556,1.2182
181,13,0.81617,1.5195
181,14,1.0635,1.1696
182,4,0.31032,1.646
182,5,0.40327,2.0081
182,6,2.3715,1.543
182,7,2.1238,2.2943
182,8,0.074361,1.7657
182,9,0.12864,0.82816
182,10,0.020371,1.3737
182,11,-0.30693,1.1741
182,12,-0.32603,0.90389
182,13,-0.68635,1.0667
183,1,0.1837,1.2393
183,2,0.24118,1.2335
183,3,0.29378,1.0904
183,4,0.29983,1.0675
184,1,0.3765,1.5721
184,2,0.22517,2.5032
184,3,0.042867,3.1652
184,4,-0.0402,3.6603
184,5,0.266,1.6481
184,6,0.5468,1.5521
185,3,-0.1164,0.86666
185,4,0.0796,0.81496
185,5,0.2892,1.0382
185,6,0.4952,1.2724
185,7,0.6144,1.4396
185,8,1.2246,1.6488
185,9,0.3825,2.3352
185,10,0.6159,2.3739
185,11,0.46603,2.739
185,12,0.55307,3.6786
185,13,0.038827,3.6331
185,14,0.22531,4.4423
186,11,1.7354,2.0754
186,12,0.4402,1.6711
186,13,0.35247,0.45932
186,14,0.30815,0.6106
187,2,1.0117,0.91134
187,3,2.5613,0.77451
187,4,2.9161,0.91201
187,5,2.364,0.91123
187,6,-4.3567,0.92994
188,2,0.0010303,1.5963
188,3,0.0037273,1.1317
188,4,0.33767,2.0947
188,5,0.52879,1.8226
188,6,-0.46664,1.4893
188,7,-1.5643,1.0369
189,3,1.5736,2.0509
189,4,1.7582,1.7043
189,5,1.9968,1.6731
189,6,1.9468,1.4424
189,7,2.3149,1.271
189,8,3.446,1.2939
189,9,1.4045,1.6956
189,10,1.3325,1.7008
189,11,2.4208,1.545
189,12,3.5116,1.7744
189,13,4.5632,2.0133
189,14,1.1004,2.3692
190,2,0.87211,1.27
190,3,0.75257,0.91678
190,4,1.0594,1.2789
190,5,0.95297,1.8133
190,6,1.9041,2.4545
190,7,1.7735,3.3207
190,8,0.74956,1.7456
190,9,1.1265,7.2444
190,10,2.2006,4.9653
190,11,1.406,1.7941
190,12,0.72062,1.61
190,13,0.41992,0.8571
190,14,0.2331,0.54869
191,8,0.3316,1.4909
191,9,0.48201,2.626
191,10,0.71806,1.1723
191,11,1.1432,0.83224
191,12,1.2566,0.88156
191,13,0.69434,0.88382
191,14,0.65546,0.89781
192,2,0.6662,1.3708
192,3,1.1138,1.0824
192,4,0.8388,1.403
192,5,0.82267,1.6999
192,6,1.0147,1.4735
192,7,0.692,1.6063
192,8,0.38803,1.9819
192,9,0.5178,2.4153
192,10,0.978,3.0427
192,11,0.9055,3.0526
192,12,1.1518,2.2956
192,13,0.31476,2.0076
192,14,0.29505,2.0332
193,1,1.047,1.2752
193,2,0.243,1.1837
193,3,1.4356,1.4132
193,4,1.7193,1.5079
193,5,1.2592,1.4182
193,6,1.2971,1.8096
193,7,1.2592,1.4835
193,8,0.9877,1.4542
193,9,0.6173,1.08
193,10,1.2248,0.97936
193,11,0.7111,0.89471
193,12,0.3172,1.0764
193,13,0.023633,1.0583
193,14,0.0023833,1.0011
194,1,0.74475,1.6328
194,2,0.1616,1.5858
195,1,0.97882,1.4901
195,2,0.88735,1.9006
195,3,1.6145,1.8234
195,4,1.4694,2.9498
195,5,1.4423,2.3294
195,6,1.6113,1.8965
195,7,2.4756,1.7659
195,8,2.7197,1.6015
195,9,2.4907,1.3885
195,10,3.5933,1.3109
195,11,1.1412,1.215
195,12,1.5072,0.9708
195,13,2.9387,0.96628
195,14,1.9358,1.0337
196,1,0.16158,2.3265
196,2,0.038263,2.242
196,3,0.062632,1.7796
196,4,0.17913,1.7331
196,5,0.30403,1.9814
196,6,0.50799,1.8729
196,7,0.75314,1.8385
196,8,0.28588,1.7958
196,9,0.27832,1.2666
196,10,0.61774,1.4178
196,11,0.70138,1.508
196,12,0.4375,1.5871
196,13,0.08098,1.3101
196,14,0.0049608,1.3052
197,2,1.4313,1.0851
197,3,1.9105,1.5674
197,4,1.1826,1.2357
197,5,1.8066,1.2249
197,6,2.1496,1.0653
197,7,1.3462,0.99891
197,8,0.56438,0.78403
197,9,1.5435,1.1387
197,10,1.1893,1.2347
197,11,0.67564,1.1136
197,12,0.27319,0.94904
197,13,0.09874,0.62057
197,14,0.24713,0.6944
198,10,-0.56439,0.63468
199,2,0.032639,1.2097
199,3,0.093294,1.1837
199,4,0.49959,1.189
199,5,0.76128,1.9472
199,6,0.97636,2.2065
199,7,1.2749,2.1848
199,8,0.42131,2.157
199,9,1.3038,1.6696
199,10,0.078922,1.6199
199,11,0.48978,1.3765
199,12,0.68442,1.8008
199,13,0.84659,0.96187
199,14,-0.010301,0.86359
200,2,-0.53518,1.1402
201,2,0.1612,0.93803
201,3,0.044862,0.84126
201,4,0.28998,0.82622
201,5,0.33566,0.68519
201,6,0.40227,0.76
201,7,0.25876,0.82564
201,8,0.25957,1.0363
201,9,0.256,1.0935
201,10,0.0057994,1.113
201,11,0.008325,1.0938
201,12,0.1868,1.2168
201,13,-0.55255,1.3465
202,3,0.28,1.2459
202,4,1.7371,1.325
202,5,2.0384,1.3085
202,6,2.336,1.1247
202,7,1.2021,1.0726
202,8,2.0875,1.074
202,9,3.0364,1.0978
202,10,3.4579,1.3774
202,11,3.4626,0.9746
202,12,4.6043,0.98107
202,13,5.611,1.1829
202,14,5.4592,1.1993
203,3,0.10023,0.89799
203,4,0.087443,0.92326
203,5,0.19741,1.297
203,6,0.18177,1.6365
203,7,0.14576,1.4078
203,8,0.13211,1.4668
203,9,0.062271,1.4526
203,10,0.034757,1.3698
203,11,-0.2228,1.3605
203,12,-0.63107,1.4748
204,9,2.5901,1.8765
204,10,3.6393,2.1656
204,11,6.9669,1.872
204,12,6.1423,2.0011
204,13,2.0831,1.7182
204,14,1.3198,1.5402
205,1,0.70519,1.2231
205,2,1.0831,1.145
205,3,0.65695,1.1427
206,3,0.37484,1.0444
206,4,0.22515,1.1102
206,5,0.20619,1.3412
206,6,0.21668,1.2352
206,7,0.37555,1.3482
206,8,0.57026,1.5772
206,9,0.74864,1.2411
206,10,2.1472,1.4048
206,11,3.1637,1.8873
206,12,2.7635,1.2857
206,13,4.8088,1.2428
206,14,0.21953,1.3
207,3,1.1318,1.1181
207,4,2.5172,0.96413
207,5,2.5682,0.95149
207,6,-0.1117,0.92975
207,7,-1.6961,0.60592
208,1,-0.18133,10.167
208,2,-0.3264,6.2854
208,3,-0.3264,1.7326
208,4,-0.3084,1.0466
208,5,-0.1718,1.2294
209,2,0.51111,1.0687
209,3,1.3966,0.79682
209,4,3.4152,1.0283
209,5,2.6196,2.0595
209,6,2.9199,1.7409
209,7,3.5249,1.5558
209,8,3.3296,1.515
209,9,3.5023,1.6928
209,10,3.9468,1.6154
209,11,1.0823,1.9203
209,12,1.1207,1.7397
209,13,0.96435,1.2124
209,14,1.1021,0.8617
210,2,0.97717,1.2025
210,3,0.61309,1.2985
210,4,1.6031,1.0332
210,5,1.9579,1.5046
210,6,2.9231,1.4659
210,7,3.8488,1.7244
210,8,2.4708,1.8094
210,9,1.9103,1.9131
210,10,1.9273,1.08
210,11,3.0788,1.5964
210,12,2.4441,2.3728
210,13,1.0508,2.0097
210,14,0.75999,1.0911
211,2,1.164,1.4335
211,3,0.0041429,1.5136
211,4,0.54193,0.43409
211,5,0.25589,0.36108
211,6,0.37927,0.42683
211,7,0.3703,0.38356
211,8,0.46485,0.66744
211,9,0.532,0.72421
211,10,0.6882,0.77931
211,11,1.5944,0.85663
211,12,1.2836,1.0728
211,13,0.50434,1.3313
211,14,0.69258,0.94486
212,2,0.066145,1.0324
212,3,0.39989,0.6597
212,4,1.4642,0.68887
212,5,1.7024,0.88227
212,6,2.5714,0.96138
212,7,3.6819,1.2601
212,8,3.411,1.5244
212,9,3.6607,1.0228
212,10,6.5687,0.8933
212,11,10.145,1.5487
212,12,9.1182,2.3015
212,13,5.0481,1.851
212,14,4.8878,0.96339
213,2,0.18723,1.4762
213,3,0.14708,1.4342
213,4,0.90632,0.87746
213,5,1.0623,1.06
213,6,1.9632,0.9058
213,7,2.173,1.2001
213,8,1.2417,0.8248
213,9,0.92225,0.81416
213,10,1.3604,0.8862
213,11,2.0867,1.145
213,12,2.3511,1.4008
213,13,2.8008,1.2862
213,14,2.0226,1.2826
214,1,0.28232,1.1519
214,2,0.04495,1.2942
214,3,0.020283,1.3321
214,4,0.4011,0.99556
214,5,0.098544,0.96085
214,6,0.56259,0.41487
214,7,0.40625,0.43468
214,8,0.33618,0.30063
214,9,0.56703,0.24154
214,10,0.61809,0.51338
214,11,1.3326,0.59693
214,12,1.1626,0.87113
214,13,0.15297,0.95334
214,14,0.44711,0.63285
215,3,0.0082249,1.0542
215,4,0.22713,0.5541
215,5,0.50618,0.61263
215,6,0.86194,0.6654
215,7,1.2154,0.92146
215,8,1.7083,0.9885
215,9,0.90693,1.1535
215,10,1.152,0.86469
215,11,1.5725,0.96212
215,12,0.83863,1.4191
215,13,0.36414,1.4869
215,14,0.40838,1.799
216,6,1.0933,1.5987
216,7,1.1735,1.6933
216,8,1.2089,1.8185
216,9,0.70917,1.9569
216,10,1.0656,1.1029
216,11,1.2055,0.75153
216,12,0.66185,1.0498
216,13,0.31807,1.1031
216,14,0.096618,0.99832
217,1,0.096,1.4623
217,2,0.17763,0.99176
217,3,0.11957,0.69375
217,4,0.092696,0.549
217,5,1.4092,0.48168
217,6,2.1211,0.77434
217,7,1.8022,0.97404
217,8,1.582,0.6831
217,9,1.4089,0.6145
217,10,1.3939,0.57096
217,11,1.9561,0.68783
217,12,0.59606,0.81496
217,13,-0.26498,0.73856
217,14,-0.49706,0.56387
218,1,0.32221,0.45035
218,2,0.15512,0.95335
218,3,0.7014,0.75695
218,4,0.90384,0.72966
218,5,0.37285,1.2878
218,6,0.4814,0.88876
218,7,0.48362,0.73343
218,8,0.52292,0.76896
218,9,0.26762,0.73455
218,10,0.28268,0.72944
218,11,0.2544,1.203
218,12,0.42515,0.93981
218,13,0.27048,0.85604
218,14,-0.065621,0.80406
219,6,1.2819,2.0741
219,7,1.2806,2.0478
219,8,1.02,2.3501
219,9,0.98326,1.8625
219,10,2.1047,1.4718
219,11,2.9775,1.9422
219,12,2.3488,2.1752
219,13,1.7326,1.7097
219,14,0.81758,1.3712
220,1,0.82117,1.1522
220,2,2.0107,0.88774
220,3,0.82346,0.85063
220,4,0.75152,0.73808
220,5,0.85654,1.0173
220,6,1.1167,0.50472
220,7,0.66548,0.52939
220,8,0.44004,0.6392
220,9,0.26058,0.85406
220,10,0.40363,0.82171
220,11,0.61191,0.63948
220,12,0.31415,0.67907
220,13,0.11272,0.51402
220,14,-0.40482,0.42195
221,1,0.075425,1.1257
221,2,0.093091,0.94069
221,3,0.045445,0.69393
221,4,0.90235,0.42935
221,5,0.26998,0.40346
221,6,0.25872,0.58388
221,7,0.53221,0.4824
221,8,0.70319,0.71917
221,9,0.90424,0.71785
221,10,1.1092,0.74232
221,11,1.8328,0.77471
221,12,1.4218,1.4795
221,13,0.85597,1.2158
221,14,0.66282,0.90312
222,3,0.0702,0.36499
222,4,0.0619,0.31313
222,5,1.3543,0.17526
222,6,2.2163,0.5306
222,7,2.5062,0.63402
222,8,2.2306,0.73019
222,9,2.0201,0.66268
222,10,2.4086,0.42717
222,11,2.8874,0.44683
222,12,0.77303,1.2191
222,13,0.76158,0.97215
222,14,0.61793,0.90913
223,8,0.7204,0.50027
223,9,0.71304,0.42829
223,10,0.75741,0.7411
223,11,1.2888,0.98813
223,12,1.7807,1.753
223,13,1.2301,3.1879
223,14,0.91496,1.6032
224,2,0.06463,1.1123
224,3,0.1553,0.57275
224,4,1.0099,0.62603
224,5,0.89367,1.3763
224,6,1.1034,0.58064
224,7,1.0863,0.62736
224,8,1.2407,0.64447
224,9,1.4254,0.68779
224,10,1.8124,0.77953
224,11,2.6851,0.64498
224,12,3.2182,0.69146
224,13,3.2672,0.63384
225,7,2.4894,2.0326
225,8,2.4886,1.9943
225,9,1.362,1.7513
225,10,2.0923,1.0646
225,11,2.7151,1.0024
225,12,0.64076,0.57635
225,13,0.24396,0.39964
225,14,-0.88355,0.40247
226,3,0.85386,2.5675
226,4,2.4536,0.76412
226,5,1.3137,1.239
226,6,3.8221,0.70823
226,7,2.0401,1.2076
226,8,2.4956,4.3276
226,9,2.3832,4.2586
226,10,2.1701,1.763
226,11,2.6235,1.2417
226,12,4.5108,1.321
226,13,2.2028,2.4481
226,14,0.8252,1.3703
227,2,0.01441,0.64436
227,3,0.3392,0.3758
227,4,0.38541,0.4404
227,5,0.27997,0.45104
227,6,0.28635,0.27571
227,7,0.46304,0.52598
227,8,0.78014,0.66566
227,9,0.47877,0.93032
227,10,1.3768,0.44696
227,11,1.3768,0.70438
227,12,1.1296,0.70438
227,13,0.74028,0.72351
227,14,0.43367,0.58044
228,3,1.6672,1.2632
228,4,0.69874,1.176
228,5,0.67878,1.3631
228,6,0.56072,1.3238
228,7,0.48559,1.5168
228,8,0.63878,1.4032
228,9,0.50027,1.2922
228,10,0.28245,1.1939
228,11,0.32175,1.116
228,12,-0.23878,2.3731
228,13,0.038158,1.3092
228,14,0.10516,1.3206
229,1,-0.42172,1.2423
229,2,-0.58489,0.8049
230,4,0.81642,2.3647
230,5,0.59759,1.7534
230,6,0.75276,1.9482
230,7,0.68124,1.2266
230,8,0.60033,1.2062
230,9,0.25714,2.6391
230,10,0.30597,1.9294
230,11,0.61462,1.7384
230,12,0.85347,1.7317
230,13,1.4869,1.0352
230,14,0.57101,1.7874
231,1,0.0097849,1.6893
231,2,0.024731,1.7523
231,3,0.030692,1.0527
231,4,-0.40191,0.97141
231,5,-0.11731,0.90309
231,6,0.97604,0.91996
231,7,0.39412,1.0397
231,8,1.1351,0.92856
231,9,1.8607,1.1654
231,10,2.3432,1.2081
231,11,0.9906,0.95867
231,12,0.53673,0.98616
231,13,0.04064,1.0304
231,14,0.098398,0.78313
232,10,1.9769,0.52632
232,11,2.0858,3.0832
232,12,1.6577,2.3307
232,13,1.3263,1.1005
232,14,0.44907,0.94733
233,1,0.015383,0.71217
233,2,0.035802,0.43247
233,3,0.24554,0.5452
233,4,0.99142,0.63068
233,5,1.6056,0.85866
233,6,2.2466,1.2044
233,7,2.9347,1.6294
233,8,4.5894,2.2873
233,9,8.6622,2.0022
233,10,20.841,2.0061
233,11,11.239,2.4719
233,12,3.3073,4.4477
233,13,2.4226,3.7242
233,14,1.3041,4.2088
234,1,0.38433,1.1822
234,2,-0.057,1.2442
234,3,-0.34633,1.2903
234,4,0.15167,1.2471
235,1,0.027094,2.2814
235,2,-0.54796,1.7805
236,1,0.0038958,1.0151
236,2,0.0031458,1.0632
236,3,0.31832,1.0211
236,4,0.60555,1.0395
236,5,0.91721,1.0257
236,6,1.9434,1.0467
236,7,1.8079,1.1733
236,8,1.3057,1.302
236,9,2.4751,1.1515
236,10,5.4091,1.3535
236,11,10.096,1.5365
236,12,3.2943,1.9589
236,13,4.249,1.5511
236,14,0.85513,1.9917
237,9,0.3675,1.2535
237,10,0.5259,1.1814
237,11,1.2241,1.3644
237,12,2.2486,1.8318
237,13,0.68995,1.6149
237,14,0.68115,1.4709
238,11,0.5746,1.4672
238,12,0.62408,1.3336
238,13,-0.044524,0.80216
238,14,0.074321,0.456
239,2,0.0904,1.5261
239,3,0.27569,1.3482
239,4,0.40702,1.8197
239,5,0.52783,1.9566
239,6,0.37657,2.9503
239,7,0.16176,1.8981
239,8,-0.18973,1.946
239,9,-0.54762,1.0535
240,2,0.07787,1.408
240,3,0.08896,1.2435
240,4,0.39603,1.3265
240,5,0.15027,1.7577
240,6,0.16041,1.6596
240,7,0.11542,1.6769
240,8,0.02518,1.6231
240,9,-0.19919,1.5915
240,10,1.5417,1.433
240,11,1.8113,1.7161
240,12,1.5921,2.0475
240,13,0.15123,1.9182
240,14,-0.4856,1.6345
241,4,0.33266,1.1503
241,5,0.39168,1.2998
241,6,0.24096,1.2839
241,7,-1.8385,1.274
242,3,-0.051483,0.69676
242,4,0.040147,0.67117
242,5,0.23435,0.54093
242,6,0.2203,1.8588
242,7,0.29867,1.1622
242,8,0.39899,1.1129
242,9,0.60401,1.2924
242,10,0.61188,1.563
242,11,0.94292,1.8392
242,12,1.036,1.5677
242,13,1.1773,1.8194
242,14,1.5912,1.65
243,9,0.59905,1.7281
243,10,0.85225,1.7507
243,11,0.58742,2.2102
243,12,0.48593,1.1834
243,13,0.087301,0.96645
243,14,0.14505,1.1226
244,9,0.26555,1.4622
244,10,0.66258,1.42
244,11,1.7995,1.4157
244,12,0.6429,1.3696
244,13,0.7351,1.3691
244,14,0.36404,1.079
245,6,0.4527,0.93365
245,7,0.13011,1.0875
245,8,0.50365,0.70408
245,9,0.86073,1.1461
245,10,1.3347,2.0619
245,11,0.71711,2.3006
245,12,0.79943,1.1246
245,13,0.48785,1.0455
245,14,0.17798,0.80034
246,6,1.2594,0.80651
246,7,0.55496,0.96221
246,8,1.6038,0.72766
246,9,2.3115,0.84382
246,10,7.8184,0.90577
246,11,2.0315,1.6331
246,12,1.5123,1.7058
246,13,0.56445,0.92562
246,14,0.57076,0.69591
247,2,1.0155,1.4731
247,3,0.4126,1.2496
247,4,0.29865,1.6217
247,5,0.34411,1.1886
247,6,0.23786,1.1093
247,7,-3.8551,1.0775
248,5,0.66623,1.2137
248,6,0.86,1.9124
248,7,0.64594,1.5088
248,8,0.88122,1.0872
248,9,0.54511,0.92921
248,10,0.97904,0.9595
248,11,0.87829,1.0346
248,12,0.57863,1.1235
248,13,0.18302,1.0093
248,14,0.3351,0.94894
249,1,0.89731,1.0245
249,2,1.6376,1.0404
249,3,0.85358,1.0179
249,4,4.4506,1.0039
249,5,0.07625,1.1512
249,6,0.072042,0.94145
249,7,0.56771,0.90709
249,8,2.4693,1.0251
249,9,2.9334,1.2942
249,10,5.2215,1.1448
249,11,0.71129,1.2222
249,12,0.05239,1.1521
249,13,0.32676,0.93473
249,14,0.87391,1.0285
250,1,0.049,0.91242
250,2,-0.40973,0.94956
250,3,0.3214,0.94019
250,4,0.4433,0.92308
250,5,0.41192,0.93757
250,6,-0.26542,0.98424
250,7,-1.1255,0.85009
251,1,0.0032687,1.0895
251,2,0.0021414,1.0439
251,3,0.35261,0.99587
251,4,0.88486,1.1315
251,5,0.78615,1.3608
251,6,-0.03934,2.3243
251,7,-0.09596,0.98182
251,8,-0.17149,0.91101
251,9,0.20094,0.85637
251,10,0.22582,1.0027
251,11,0.36424,0.87899
251,12,0.32801,0.94192
251,13,-0.17348,0.9652
251,14,-0.35449,0.58164
252,1,0.53484,1.0972
252,2,-1.4559,0.91108
253,1,1.9525,1.1735
253,2,0.15388,0.77649
253,3,0.079404,0.75541
253,4,0.070172,0.63739
253,5,-0.33363,0.81432
253,6,-0.45654,0.81597
253,7,-0.95851,0.7796
254,1,0.57783,1.3152
254,2,0.10711,1.1968
254,3,0.16593,1.1156
254,4,2.5131,1.0506
254,5,0.96173,1.2647
254,6,0.70356,1.2963
254,7,0.54793,1.1076
254,8,0.41167,0.98237
254,9,0.31883,1.0108
254,10,0.51714,1.088
254,11,0.76574,1.1846
254,12,0.57664,1.24
254,13,0.085706,1.1093
254,14,-0.0039396,1.0951
255,1,0.44917,1.327
255,2,-0.1535,1.1786
255,3,-0.90575,1.0536
256,1,1.2094,1.0181
256,2,0.479,0.74061
256,3,0.24852,0.94057
256,4,1.3462,0.99096
256,5,2.0284,1.3776
256,6,2.0704,1.8226
256,7,0.9196,0.7791
256,8,1.1033,0.72631
256,9,1.5042,0.68139
256,10,1.7399,0.5619
256,11,3.994,0.5185
256,12,3.877,0.82719
256,13,1.3787,0.63712
256,14,-0.22342,0.57672
257,8,0.76021,1.3451
257,9,0.76155,1.4416
257,10,0.89669,1.4761
257,11,3.6194,1.3564
257,12,3.6027,2.6023
257,13,3.0625,1.8836
257,14,0.57965,2.1417
258,1,0.47549,1.2768
258,2,0.83703,1.217
258,3,0.31418,1.2706
258,4,1.7321,1.3774
258,5,0.98401,2.0097
258,6,1.3458,1.9362
258,7,1.698,1.6028
258,8,0.4676,1.3843
258,9,0.35039,1.1787
258,10,0.21968,1.1371
258,11,1.3355,1.1163
258,12,1.9401,1.5962
258,13,1.913,1.5753
258,14,2.3917,1.4278
259,3,0.053764,0.97161
259,4,1.635,0.47552
259,5,2.5496,0.48476
259,6,2.9598,0.56102
259,7,2.4847,0.73765
259,8,1.59,0.484
259,9,0.99929,1.7599
259,10,2.3112,1.9735
259,11,1.5254,1.4604
259,12,0.54884,1.1719
259,13,0.36291,0.98823
259,14,0.30875,0.79547
260,1,0.015689,0.99966
260,2,0.014511,0.94231
260,3,0.058711,1.0208
260,4,0.095711,1.0329
260,5,0.52722,0.96758
260,6,1.08,1.0371
260,7,1.2631,1.1381
260,8,1.636,1.1084
260,9,1.8433,1.1315
260,10,2.0412,1.2016
260,11,5.1795,1.2482
260,12,2.5413,1.8145
260,13,2.9774,2.9187
260,14,3.6427,2.8927
261,3,0.02256,1.4577
261,4,0.4442,1.3138
261,5,0.81104,1.3527
261,6,0.93572,1.4967
261,7,0.2805,1.3983
261,8,0.25234,1.3653
261,9,0.35105,1.0779
261,10,1.3461,1.0393
261,11,0.44622,1.3329
261,12,0.45278,1.507
261,13,0.54213,1.4557
261,14,0.58447,1.3779
262,1,0.34137,0.88827
262,2,0.43043,0.88082
262,3,0.18751,0.9031
262,4,0.26227,0.8885
262,5,0.93454,0.87278
262,6,0.90341,0.96853
262,7,2.1751,0.93651
262,8,0.30516,1.4105
262,9,0.27405,1.2325
262,10,1.8333,1.3176
262,11,2.3932,1.694
262,12,1.1974,1.4254
262,13,1.1707,1.2153
262,14,1.303,1.1475
263,2,0.33668,1.0748
263,3,0.22844,1.0251
263,4,0.6707,1.0476
263,5,3.5254,1.02
263,6,3.5715,1.1325
263,7,-0.72071,1.1109
264,4,0.15469,1.3598
264,5,0.32299,1.3697
264,6,0.40259,1.9875
264,7,0.28415,1.7552
264,8,0.069733,1.4118
264,9,0.07726,1.234
264,10,0.0089133,1.296
264,11,0.03103,1.293
264,12,0.054744,1.3663
264,13,0.014933,1.378
264,14,0.015542,1.3298
265,1,0.00284,1.1432
265,2,0.026475,0.71409
265,3,0.4674,0.49359
265,4,1.3332,1.054
265,5,1.1468,2.0189
265,6,0.29225,2.2206
265,7,0.46632,1.6813
265,8,0.7789,1.8734
265,9,1.1775,2.8377
265,10,0.93383,1.552
266,5,1.8288,1.1009
266,6,1.6169,3.0347
266,7,1.9692,2.0318
266,8,2.3374,1.6203
266,9,0.83529,2.6123
266,10,1.4054,2.454
266,11,0.55163,1.2902
266,12,0.43908,1.2073
266,13,0.34498,1.1174
266,14,0.46561,1.0261
267,2,0.64965,0.83998
267,3,0.017053,0.70751
267,4,0.4017,0.64363
267,5,0.4883,0.82999
267,6,0.18788,0.85927
267,7,0.021197,0.73747
267,8,0.026074,0.76313
267,9,0.0081938,0.80751
267,10,-0.36384,0.90419
267,11,-0.4357,0.796
267,12,-0.253,0.78727
267,13,-0.40818,0.89778
267,14,-0.36584,1.0118
268,3,2.4722,1.0537
268,4,0.9966,1.193
268,5,1.1616,1.3759
268,6,0.37915,1.7486
268,7,0.56671,1.2856
268,8,0.86947,1.2608
268,9,0.31462,1.2758
268,10,0.27203,1.418
268,11,0.8551,1.4062
268,12,0.78329,1.784
268,13,0.62091,1.5597
268,14,1.0111,1.8485
269,1,-0.084889,1.4273
269,2,-0.11922,1.0565
269,3,0.053889,1.1799
270,2,0.28642,2.3364
270,3,0.33651,1.9648
270,4,0.79349,1.8057
270,5,0.81136,1.9182
270,6,0.87874,1.4064
270,7,0.76242,1.5447
270,8,0.93274,1.4639
270,9,1.0495,1.5804
270,10,1.1252,1.7783
270,11,1.2118,1.3284
270,12,0.9259,1.3493
270,13,0.98057,3.196
270,14,1.038,2.2771
271,2,0.11888,1.194
271,3,0.20651,1.3835
271,4,0.40002,1.3765
271,5,0.54296,1.6818
271,6,1.1743,2.0146
271,7,1.7422,1.2465
271,8,2.3638,1.3235
271,9,3.0491,1.4006
271,10,3.5722,1.3715
271,11,2.012,1.6308
271,12,0.27059,1.184
271,13,0.294,0.90143
271,14,0.24601,1.3463
272,3,0.11901,1.3256
272,4,0.34692,1.1227
272,5,0.38479,1.1637
272,6,0.28935,1.1307
272,7,0.017755,1.0952
272,8,-0.059904,1.3697
272,9,-1.0847,1.2023
273,1,0.69657,1.1294
273,2,-1.7267,1.1382
274,13,0.70876,1.4078
274,14,0.19399,1.2877
275,4,-4.3829,0.98333
276,1,0.2366,1.8543
276,2,0.7345,2.107
276,3,0.84933,2.3387
276,4,0.82,3.1773
276,5,1.4888,3.7807
276,6,2.8308,2.6123
276,7,0.398,3.2878
276,8,-0.3002,2.4236
276,9,-0.28993,1.5403
276,10,-0.078867,1.5968
276,11,0.0808,2.1434
276,12,-0.69467,2.2322
277,1,0.97623,1.4631
277,2,1.2251,1.2618
277,3,0.94333,1.6745
277,4,0.0040132,1.1809
277,5,0.37724,0.85576
277,6,1.3155,1.0665
277,7,0.28618,0.92911
277,8,-0.24522,0.79748
277,9,-1.5248,0.82943
278,12,0.38049,0.65596
278,13,-0.39425,0.61742
278,14,0.049104,0.52142
279,1,0.13914,1.4939
279,2,0.394,1.3134
279,3,0.4747,0.70799
279,4,0.61357,0.78838
279,5,0.32367,0.59461
279,6,-1.0414,0.69852
280,14,1.5393,1.929
281,2,1.04,0.97752
281,3,2.5465,1.0098
281,4,0.6878,0.97719
281,5,9.7172,0.95328
281,6,2.3598,0.78699
281,7,2.263,0.87833
281,8,2.4023,0.82928
281,9,1.5399,0.60276
281,10,1.6995,0.79711
281,11,2.8723,0.79368
281,12,2.1031,1.0145
281,13,1.5687,0.9244
281,14,0.31941,0.90764
282,11,128.4,0.81491
282,12,1.9459,0.96454
282,13,0.31079,1.2713
282,14,0.59576,1.1995
283,11,1.154,0.54811
283,12,-0.38739,0.60167
283,13,-0.36567,0.51391
283,14,0.57216,0.34183
284,10,12.772,1.2809
284,11,4.7789,6.8481
284,12,2.2114,6.6313
284,13,3.6337,0.65913
284,14,1.2575,0.80819
285,12,3.5969,1.1312
285,13,1.6299,1.6547
285,14,1.7848,1.2276
286,12,1.9264,10.123
286,13,1.5939,9.2175
286,14,1.0662,8.0453
287,14,0.956,1.4635
288,14,1.0184,2.4958
289,11,1.0806,1.111
289,12,0.98689,1.0803
289,13,0.54649,1.0665
289,14,0.53921,1.0377
290,1,-0.24528,1.2628
290,2,-0.84819,1.1006
291,14,0.76602,1.3063
292,1,0.36417,0.67931
292,2,0.29152,0.91123
292,3,-0.057883,0.83918
292,4,-0.65735,0.73347
293,14,0.46971,1.6116
294,14,1.5174,0.4199
295,2,0.4766,2.3276
295,3,0.0736,1.8795
295,4,0.1324,1.8234
295,5,0.26006,1.241
296,1,0.32165,1.5067
296,2,0.17323,1.2941
296,3,-0.1322,1.1825
296,4,-1.5124,1.0979
297,2,0.047403,0.99162
297,3,0.19403,1.1829
297,4,0.13506,0.95433
297,5,2.6104,0.78023
297,6,1.6381,1.5289
297,7,2.0919,1.3393
297,8,2.1816,1.5654
297,9,1.8774,1.7209
297,10,1.642,1.4145
297,11,1.6472,1.2373
297,12,3.2529,2.1275
297,13,3.3308,1.3131
297,14,3.5171,1.1721
298,12,0.68812,1.0604
298,13,1.0354,1.1008
298,14,3.1075,1.1721
299,11,2.6107,1.842
299,12,0.65873,2.723
299,13,0.52668,2.7117
299,14,1.1941,2.7592
300,1,0.071266,0.77446
301,9,0.068035,0.55758
301,10,-0.16171,0.51961
301,11,-0.43959,0.55001
301,12,-0.63016,0.59689
302,13,0.29515,1.5388
302,14,0.17984,1.5013
303,11,-0.038909,0.28918
303,12,-0.043816,0.69358
303,13,-0.060104,0.27115
303,14,-0.089205,0.27602
304,12,1.0029,2.342
304,13,0.83037,3.9351
304,14,0.84788,4.0546
305,1,0.033143,0.99635
305,2,-0.15293,0.93492
305,3,0.032679,0.67478
305,4,0.033143,0.87127
305,5,0.88361,0.91915
305,6,0.28057,1.169
305,7,0.30536,0.97425
305,8,0.26679,1.0419
305,9,0.91339,0.89009
305,10,0.707,1.5325
305,11,1.2241,1.1787
305,12,0.22013,1.2264
305,13,-0.078725,1.3322
305,14,-0.39211,0.74665
306,2,0.2048,1.2623
306,3,0.26408,1.2074
306,4,0.25445,1.1649
306,5,-0.044284,1.1627
307,1,0.73943,0.74599
307,2,2.5408,0.73808
307,3,2.1993,0.9194
307,4,1.4536,0.86805
307,5,0.12142,0.89516
307,6,-0.21991,0.72327
307,7,-0.43115,0.64843
307,8,-0.42233,0.49211
307,9,0.27121,0.54825
307,10,1.46,0.62927
307,11,3.0203,0.8748
307,12,3.1242,1.4182
307,13,0.65377,1.4207
307,14,0.28385,1.1857
308,3,-0.54075,1.092
309,1,0.0060185,0.83341
309,2,0.010593,0.7359
309,3,0.26687,0.53991
309,4,0.071422,0.5242
309,5,0.26811,0.65516
309,6,0.36593,0.87141
309,7,1.0731,0.84951
309,8,1.4661,1.0445
309,9,1.2815,1.205
309,10,0.50069,1.3332
309,11,1.2036,1.5764
309,12,2.5303,1.7508
309,13,2.2532,1.8961
309,14,3.3355,2.3985
310,14,0.45921,1.3022
311,12,1.0332,1.7394
311,13,1.1224,1.8833
311,14,0.87935,2.2276
312,14,0.52011,1.3685
313,11,0.6987,1.1919
313,12,0.27946,2.2901
313,13,0.33877,1.6851
313,14,0.16575,1.5348
314,1,0.27462,0.86296
314,2,0.22202,0.76025
315,1,0.01816,1.1874
315,2,0.15117,0.96604
315,3,0.10632,1.1929
315,4,0.11105,1.0963
315,5,-0.83133,1.0632
316,11,0.10162,1.1584
316,12,-0.15813,1.0052
316,13,-0.38897,0.93828
316,14,-0.061479,0.68998
317,13,0.80978,2.8035
317,14,0.69855,1.8324
318,13,0.98808,0.99034
318,14,0.77953,1.0539
319,14,-0.18287,1.1064
320,14,7.4657,0.82739
321,1,0.0096051,0.8014
321,2,0.0030667,0.83792
321,3,0.018367,0.90766
321,4,0.020167,0.84642
321,5,-0.0032667,0.87307
321,6,-1.2964,0.99667
322,1,0.21789,0.59831
322,2,0.16007,0.70186
322,3,0.069733,0.6072
322,4,0.53984,0.44412
322,5,0.4588,0.45688
322,6,0.47808,0.65622
322,7,0.05887,0.63804
322,8,0.11177,0.40816
322,9,1.1599,0.44042
322,10,1.3993,1.5476
322,11,2.2495,2.4021
322,12,0.96818,2.3584
322,13,0.90855,2.4931
322,14,0.78081,2.5158
323,1,0.02262,1.011
323,2,0.19264,1.0447
323,3,0.19884,1.0651
323,4,0.03154,1.014
323,5,0.25854,0.92329
323,6,-0.37602,1.0293
323,7,-0.77878,0.81963
324,1,-0.0044286,0.75831
324,2,-0.6216,0.58278
325,1,0.90978,1.0686
325,2,1.1278,1.0217
325,3,0.067417,1.0578
325,4,0.31396,0.805
325,5,1.5303,0.73315
325,6,1.197,1.5439
325,7,1.11,1.3809
325,8,1.4648,1.4244
325,9,4.6296,1.3904
325,10,4.3732,2.1731
325,11,7.7012,1.5997
325,12,5.7366,2.4301
325,13,5.7012,1.3824
325,14,0.69601,1.4515
326,1,0.5854,1.4029
326,2,0.34763,2.893
326,3,0.756,2.9203
326,4,0.92763,2.2935
326,5,0.71944,2.4714
326,6,0.64054,1.7557
326,7,-0.81612,1.4251
327,1,0.20585,0.68953
327,2,0.42317,0.5915
327,3,0.027417,0.59174
327,4,0.021417,0.46439
327,5,0.60658,0.57828
327,6,0.18692,0.79399
327,7,-0.050111,0.71562
327,8,0.14828,0.71757
327,9,0.352,0.67411
327,10,0.89792,0.7588
327,11,1.5284,0.8985
327,12,0.66326,1.4668
327,13,0.00115,1.4479
327,14,0.01113,1.0854
328,1,0.17758,0.65848
328,2,0.18876,1.0529
328,3,0.05682,0.96393
328,4,0.033633,0.73914
328,5,1.4489,0.88334
328,6,0.38253,1.5417
328,7,0.55662,1.0023
328,8,0.5524,1.1633
328,9,1.1228,1.2732
328,10,2.3915,1.5365
328,11,2.9084,1.895
328,12,0.46027,1.9936
328,13,0.43675,1.3491
328,14,0.57859,1.0402
329,1,0.31059,1.5151
329,2,0.43076,1.4273
329,3,-0.031404,1.1698
329,4,-0.70728,1.0748
330,1,1.9651,1.322
330,2,0.14349,1.1086
330,3,-0.42661,0.826
330,4,-1.0097,0.6956
331,1,0.85633,1.3845
331,2,0.696,1.3481
331,3,0.31517,1.3066
331,4,0.29117,1.1332
331,5,0.7789,1.1533
331,6,0.0136,1.6321
331,7,-2.3409,1.2264
332,14,3.1677,1.3721
333,1,-0.27187,1.1014
333,2,-0.19388,1.1274
333,3,-0.62504,1.2351
334,12,3.1545,1.2767
334,13,1.4115,1.3887
334,14,1.2823,1.398
335,14,1.8617,1.3942
336,12,1.857,1.4174
336,13,2.25,1.6734
336,14,2.6293,1.614
337,1,0.48545,1.0354
337,2,0.77341,1.3415
337,3,0.92197,1.418
337,4,0.81104,1.188
337,5,0.87648,0.795
337,6,0.10159,0.80704
337,7,-0.45905,0.54634
337,8,-1.7208,0.33437
338,1,0.6347,1.0634
338,2,0.00064253,1.7445
338,3,0.51558,1.232
338,4,0.31179,2.004
338,5,0.55587,1.8835
338,6,0.91634,1.3455
338,7,0.97076,1.1061
338,8,1.5553,0.98476
338,9,0.98424,1.0882
338,10,2.0151,1.0544
338,11,6.0284,1.0496
338,12,6.8487,1.2805
338,13,9.8769,1.3592
338,14,4.8811,1.1119
339,1,1.0081,0.83173
339,2,-0.21447,1.0404
339,3,-0.41167,0.92947
339,4,-0.4774,0.76657
339,5,-1.0145,0.80059
340,1,0.68791,1.1564
340,2,0.0913,1.1078
340,3,0.036067,1.0153
340,4,-0.36647,1.0385
340,5,-0.64683,0.95507
341,14,0.01879,1.2187
342,8,0.8892,3.5277
342,9,1.2033,4.165
342,10,1.2915,0.9782
342,11,0.99175,0.91064
342,12,0.743,0.83089
342,13,0.6328,0.82777
342,14,0.43115,0.86459
343,1,0.51225,1.0136
343,2,0.33264,1.3966
343,3,0.11508,1.3007
343,4,0.06136,1.1136
343,5,-0.7782,1.1563
344,14,0.27833,1.685
345,1,0.23273,1.2625
345,2,0.74972,1.2203
345,3,0.10413,1.2079
345,4,0.30056,1.2621
345,5,0.7725,1.416
345,6,0.80692,1.4863
345,7,0.36691,1.6323
345,8,0.64246,1.5404
345,9,0.87571,1.7882
345,10,0.7716,1.7737
345,11,1.7945,2.0611
345,12,1.0269,2.1417
345,13,0.97379,2.1056
345,14,0.6505,1.6654
346,11,3.1361,2.425
346,12,3.5251,2.0291
346,13,2.0964,1.7761
346,14,2.9078,1.3282
347,11,4.7842,1.2369
347,12,5.4096,1.3627
347,13,2.242,1.2043
347,14,2.1221,0.91816
348,13,1.5385,1.2881
348,14,1.2239,1.1302
349,2,0.376,1.4852
349,3,0.835,1.5747
349,4,0.095,1.4883
349,5,1.4128,1.5612
349,6,2.361,1.1829
349,7,2.3438,1.254
349,8,3.1078,1.2601
349,9,2.7084,1.1765
349,10,2.3056,1.1419
349,11,2.0812,1.088
349,12,1.8072,1.0838
349,13,0.383,1.0535
349,14,0.3955,1.0749
350,1,-0.2154,1.0461
350,2,-0.46913,1.0443
350,3,-1.1749,0.86071
351,1,-0.1206,1.093
351,2,-0.24744,1.254
351,3,-0.16048,1.2641
351,4,-0.46758,1.226
351,5,-0.37429,1.2033
351,6,-0.34064,1.1761
351,7,-0.79628,1.1428
352,1,-0.168,1.2934
352,2,-0.641,1.1165
353,1,-0.90923,1.0726
354,1,-0.50068,1.0705
355,1,-0.15726,0.10135
355,2,-0.21882,0.07517
355,3,-0.40429,0.1257
355,4,-3.5644,0.20651
356,1,1.4831,1.0796
356,2,-0.23149,0.82395
356,3,-1.5782,0.48028
357,1,-0.68543,1.0247
358,1,-0.27714,1.0253
358,2,0.0256,1.5558
358,3,0.0051333,1.6656
358,4,0.1239,1.5859
358,5,0.33473,1.5618
358,6,0.62783,1.9268
358,7,0.50943,1.7221
358,8,-0.012333,1.5963
358,9,-0.35667,1.4095
358,10,-1.1211,1.1013
359,1,0.35033,0.93182
360,1,0.071407,0.88974
360,2,0.2443,0.72114
360,3,0.44511,0.70974
360,4,1.6698,0.65105
360,5,3.5907,0.65375
360,6,4.7839,0.63503
360,7,8.869,0.80714
360,8,13.436,0.66719
360,9,0.96119,0.72602
360,10,1.4328,0.82105
360,11,2.3525,0.86481
360,12,3.4458,1.044
360,13,5.4151,1.1211
360,14,6.7645,1.8882
361,2,0.3948,1.5786
361,3,0.45057,1.2571
361,4,0.74552,1.3845
361,5,0.7324,1.8222
361,6,0.59328,1.4017
361,7,0.26178,1.5982
361,8,0.31119,1.3409
361,9,0.25517,1.417
361,10,0.11542,1.4317
361,11,0.13341,1.4296
361,12,0.25681,1.275
361,13,0.050216,1.2062
361,14,-0.14883,1.1859
362,2,0.03408,1.0643
362,3,0.034756,1.1493
362,4,0.382,0.46846
362,5,0.27772,0.59757
362,6,0.3687,1.4081
362,7,0.71431,0.9636
362,8,0.8132,0.99259
362,9,0.11325,0.47475
362,10,0.5579,0.51465
362,11,1.6565,0.76205
362,12,0.94052,1.2361
362,13,0.24201,0.7574
362,14,-0.36474,0.57432
363,10,4.1452,1.5106
363,11,4.8843,1.6177
363,12,4.1512,2.2601
363,13,2.0716,1.7611
363,14,4.2556,1.8545
364,2,0.04035,1.9272
364,3,0.06525,1.1787
364,4,0.14936,1.2958
364,5,0.10704,2.1123
364,6,-0.0016429,1.0545
364,7,-0.494,1.1928
364,8,-0.64064,1.0672
365,14,0.4281,1.0633
366,4,0.97422,1.5437
366,5,1.3244,2.076
366,6,0.52442,1.5335
366,7,1.6488,0.8137
366,8,0.7758,1.5877
366,9,1.1058,1.5713
366,10,0.27097,1.0272
366,11,0.41387,1.0514
366,12,0.40426,2.1356
366,13,0.30678,1.9197
366,14,0.22176,2.9495
367,2,0.68735,1.6966
367,3,0.93491,1.2765
367,4,2.835,0.95081
367,5,3.7973,2.0405
367,6,4.4292,1.6987
367,7,7.9035,1.4386
367,8,7.4431,1.244
367,9,2.1079,0.86502
367,10,4.1368,0.881
367,11,5.7609,1.2309
367,12,2.186,1.1332
367,13,2.9693,1.8489
367,14,3.8614,2.4312
368,1,0.25852,1.1448
368,2,0.25608,1.4927
368,3,0.24866,1.3997
368,4,0.072673,1.8474
368,5,0.28391,1.3389
368,6,0.24179,1.3883
368,7,0.46932,1.3353
368,8,0.24621,1.5306
368,9,0.27274,1.4342
368,10,0.38638,1.5801
368,11,1.0286,1.5978
368,12,0.28646,2.1199
368,13,0.2949,2.6368
368,14,0.39474,2.5084
369,10,1.3808,1.0012
369,11,1.211,0.84759
369,12,1.0918,0.94319
369,13,0.55238,0.98874
369,14,0.6799,1.0507
370,10,1.4922,1.865
370,11,0.82096,1.3424
370,12,0.48901,1.4848
370,13,0.89939,0.85462
370,14,0.70555,0.78699
371,10,1.0331,0.93475
371,11,0.96141,0.88969
371,12,0.78883,1.3568
371,13,0.61288,1.479
371,14,0.66863,1.7543
372,10,1.2669,1.0273
372,11,0.57485,0.41226
372,12,0.23351,0.86508
372,13,0.49186,1.2425
372,14,0.55838,0.5987
373,12,-0.27368,1.3996
373,13,-0.34871,1.1096
373,14,-0.18522,1.1082
374,9,2.4517,1.5218
374,10,1.5693,1.6548
374,11,0.52994,1.2329
374,12,0.60201,1.2347
374,13,0.725,1.1007
374,14,1.083,1.0444
375,11,3.7693,1.2655
375,12,0.18728,2.0539
375,13,0.13082,1.1738
375,14,0.74736,1.317
376,1,0.24664,1.1972
376,2,0.045774,1.2862
376,3,0.12133,0.98569
376,4,-0.067135,0.93069
376,5,-0.074139,0.93989
376,6,-0.42551,0.956
376,7,-0.47473,0.8546
376,8,-0.48978,0.88958
376,9,-0.24785,1.2949
376,10,-0.031368,1.2118
376,11,0.17976,1.2798
376,12,0.43747,1.0159
376,13,0.5252,1.0402
376,14,-0.58047,1.0835
377,10,0.79491,2.641
377,11,0.76716,1.8169
377,12,1.1076,1.4002
377,13,0.23681,1.8303
377,14,0.07714,2.9832
378,3,0.028925,3.0042
378,4,0.019847,3.6877
378,5,0.27789,5.2891
378,6,0.31376,8.2013
378,7,0.15311,3.0989
378,8,0.32933,2.4153
378,9,0.33257,3.5217
378,10,0.35513,4.2894
378,11,0.39743,4.4146
378,12,0.54805,4.614
378,13,0.17756,6.8583
378,14,0.12855,3.357
379,10,-0.089802,0.70111
379,11,-0.43759,0.2804
379,12,0.040662,0.10541
379,13,-1.0299,0.27247
380,3,0.81529,1.5831
380,4,1.4871,1.1125
380,5,2.5675,1.4885
380,6,2.5388,1.6731
380,7,1.6853,0.99311
380,8,0.6161,0.93821
380,9,1.1695,1.0135
380,10,1.6725,1.1279
380,11,1.9932,1.0144
380,12,1.8233,0.92436
380,13,1.1373,0.82448
380,14,0.76597,0.84495
381,12,7.5065,0.58491
381,13,3.2645,0.60352
381,14,2.9085,0.46744
382,3,0.23945,4.3612
382,4,0.087241,6.5589
382,5,1.0026,1.9353
382,6,0.99962,2.0427
382,7,1.0817,2.0004
382,8,0.70282,1.5871
382,9,0.72244,1.2771
382,10,0.71278,1.304
382,11,0.76804,0.76836
382,12,0.50418,0.75542
382,13,0.30285,0.99701
382,14,0.34761,0.89134
383,11,0.81807,0.87614
383,12,0.82555,0.61422
383,13,0.35216,0.93074
383,14,0.37503,0.97867
384,10,-0.11589,1.3877
384,11,-0.30945,1.2885
384,12,-0.36034,1.1064
384,13,-1.0765,1.0603
385,3,0.40004,0.61807
385,4,0.58286,0.79923
385,5,0.55694,0.82236
385,6,0.67177,0.84068
385,7,0.6909,0.83133
385,8,0.7522,0.72864
385,9,0.93009,0.81022
385,10,2.4024,0.73118
385,11,2.0314,1.4098
385,12,0.49227,1.0499
385,13,0.53386,0.93931
385,14,0.19506,1.1121
386,13,0.38425,1.0454
386,14,0.45004,1.1206
387,10,0.0706,1.5038
387,11,1.3694,1.1437
387,12,1.6048,1.7221
387,13,1.6575,2.1232
387,14,1.9237,1.9624
388,14,0.038394,0.6629
389,1,0.10101,1.4059
389,2,0.10082,1.4337
389,3,0.066419,1.373
389,4,0.23716,1.5773
389,5,0.19509,1.8896
389,6,0.14758,2.1801
389,7,-0.30402,1.632
389,8,-0.45353,1.3162
389,9,-0.78181,1.195
390,4,0.01164,4.0708
390,5,-0.02823,3.7819
390,6,0.20266,2.3209
390,7,0.01368,2.8074
390,8,-0.3022,2.0116
390,9,-0.59477,1.583
391,2,0.07505,1.5881
391,3,0.01274,1.4736
391,4,0.12876,1.4099
391,5,0.38969,1.7176
391,6,0.54969,1.8497
391,7,0.098367,1.0436
391,8,0.26367,1.2736
391,9,0.1506,1.6886
391,10,0.20668,1.6624
391,11,0.28922,1.9616
391,12,0.27011,6.1845
391,13,0.17151,6.2447
391,14,0.1759,3.6544
392,12,3.6229,25.979
392,13,0.17386,51.954
392,14,0.33067,2.8748
393,12,-0.20364,1.9922
393,13,-0.29463,2.3832
393,14,-0.32749,2.0679
394,1,0.10444,1.6483
394,2,0.39277,1.5777
394,3,0.11287,2.2603
394,4,0.22938,2.6916
394,5,0.51706,2.0229
394,6,0.35043,2.1831
394,7,0.44534,1.9737
394,8,0.32541,1.8355
394,9,0.28568,2.0664
394,10,0.59025,2.0968
394,11,0.67222,3.4539
394,12,0.7553,4.4781
394,13,0.78734,4.5451
394,14,0.89512,4.7848
395,4,0.80631,1.9679
395,5,1.2169,1.3157
395,6,1.2097,4.128
395,7,1.7726,3.6576
395,8,1.5224,2.7014
395,9,1.5964,4.0923
395,10,0.86972,2.0977
395,11,1.0102,3.0094
395,12,1.1599,3.777
395,13,0.42731,3.1847
395,14,0.47345,3.8744
396,14,1.395,1.3552
397,10,0.55761,0.99814
397,11,0.16413,0.99432
397,12,0.53325,1.2523
397,13,0.2116,1.7458
397,14,-0.24829,1.2754
398,13,0.92104,1.7775
398,14,0.18738,2.7115
399,10,0.56722,2.4088
399,11,0.70571,2.0221
399,12,0.39364,3.0879
399,13,0.50536,2.4371
399,14,0.15868,2.2609
400,12,1.0067,1.1878
400,13,0.33452,1.309
400,14,0.18772,1.3493
401,10,0.75621,1.3949
401,11,0.29889,3.6883
401,12,0.57507,2.3162
401,13,0.55954,3.3967
401,14,0.6669,2.3686
402,9,0.75528,5.4052
402,10,0.90856,2.5567
402,11,1.1009,3.5677
402,12,0.81648,2.1227
402,13,0.32775,1.124
402,14,0.2682,0.79198
403,2,0,1.8666
403,3,0,2.2166
403,4,0,1.3468
403,5,0.20627,3.3135
403,6,0.24775,3.4059
403,7,0.44714,2.803
403,8,0.32854,5.0003
403,9,0.26653,1.8701
403,10,0.32199,4.6087
403,11,0.17416,3.9783
403,12,0.3284,3.5885
403,13,0.34431,3.1814
403,14,0.56312,5.3528
404,12,2.482,1.3807
404,13,0.61185,1.2009
404,14,0.93202,1.258
405,7,0.46742,1.1736
405,8,0.086476,0.74909
405,9,0.0054818,0.80366
405,10,-0.080016,0.59994
405,11,-0.070733,0.2662
405,12,0.17584,0.25652
405,13,0.15698,0.76548
406,13,0.30205,1.7321
406,14,0.12497,0.60713
407,12,0.37665,0.93534
407,13,0.38691,0.95726
407,14,0.41147,0.99848
408,1,0.88584,1.5557
408,2,0.94912,2.5258
408,3,0.79568,2.6085
408,4,1.4045,2.0308
408,5,1.7324,2.4939
408,6,2.2794,1.7144
408,7,2.5295,1.3085
408,8,2.017,1.0495
408,9,3.0917,0.80279
408,10,3.4881,0.83017
408,11,4.6298,1.6669
408,12,4.2097,1.5131
408,13,2.4638,0.27013
408,14,2.5471,0.6141
409,2,1.7586,1.2806
409,3,0.94425,1.1776
409,4,3.7784,1.125
409,5,4.9075,1.3535
409,6,6.1275,1.3564
409,7,7.0853,1.2231
409,8,4.7695,1.2143
409,9,0.6794,1.0404
409,10,0.027125,1.0001
409,11,0.02714,1.2049
409,12,0.12251,1.3686
409,13,0.22656,1.2794
409,14,0.3303,1.2687
410,3,0.0266,1.3065
410,4,0.025287,1.3433
410,5,0.3282,1.5409
410,6,0.37375,1.242
410,7,0.36325,1.1384
410,8,0.17072,1.1027
410,9,0.27579,0.9333
410,10,0.046747,0.83948
410,11,-0.46663,0.74775
410,12,-0.45915,0.67472
410,13,-0.25033,0.95754
410,14,-0.491,1.5949
411,11,0.18994,4.4967
411,12,0.02147,8.878
411,13,0.016123,4.8621
411,14,0.00046667,2.8878
412,12,0.29647,1.1696
412,13,0.39109,6.0951
412,14,0.43097,5.329
413,14,1.0596,1.0941
414,13,0.64571,0.96416
414,14,0.22104,0.96639
415,3,2.7698,1.2609
415,4,3.2806,1.2814
415,5,2.8864,1.3106
415,6,2.2316,1.0675
415,7,1.3191,1.033
415,8,-0.16554,1.2645
415,9,-3.6718,1.3085
416,6,0.54565,1.3624
416,7,0.96508,1.1142
416,8,1.346,1.1345
416,9,1.637,1.0058
416,10,1.4904,1.0786
416,11,1.7579,0.9108
416,12,2.0732,0.97994
416,13,2.421,1.0592
416,14,2.5858,1.062
417,11,0.28523,2.6932
417,12,0.11263,38.793
417,13,0.088544,4.565
417,14,0.041872,29.233
418,13,0.30273,1.4194
418,14,0.17242,1.4378
419,12,3.6497,2.2204
419,13,3.7728,2.2769
419,14,3.3316,2.0137
420,1,1.3434,1.6195
420,2,0.009381,1.5987
420,3,-2.5497,1.3308
421,9,8.1329,3.2391
421,10,9.3702,1.839
421,11,11.184,1.4788
421,12,6.3124,0.91726
421,13,7.245,0.75204
421,14,7.9333,0.72643
422,7,0.35144,1.3449
422,8,0.49563,2.0609
422,9,0.43638,2.585
422,10,0.43802,2.2605
422,11,0.48241,1.9615
422,12,0.50077,1.7099
422,13,0.61103,1.559
422,14,0.51865,1.6148
